{
  "2080": {
    "mm-dd": [
      "cause",
      "type",
      "description",
      "cause_np"
    ],
    "12-01": [
      "",
      "chaturthi",
      "",
      ""
    ],
    "12-02": [
      "",
      "pasthai",
      "",
      ""
    ],
    "12-03": [
      "",
      "saptami",
      "",
      ""
    ],
    "12-04": [
      " ",
      "astami",
      "",
      ""
    ],
    "12-05": [
      "",
      "nawami",
      "",
      ""
    ],
    "12-06": [
      "",
      "dasami",
      "",
      ""
    ],
    "12-08": [
      "",
      "duwadasi",
      "",
      ""
    ],
   
    "12-10": [
      "",
      "trayodasi",
      "",
      ""
    ],
    
    "12-13": [
      "",
      "pratipada",
      "",
      ""
    ],
    "12-14": [
      "",
      "dutiya",
      "",
      ""
    ],
    "12-15": [
      "",
      "tritiya",
      "",
      ""
    ],
    "12-16": [
      "",
      "chaturthi",
      "",
      ""
    ],
    "12-17": [
      "",
      "panchami",
      "",
      ""
    ],
    "12-18": [
      "",
      "pasthai",
      "",
      ""
    ],
    "12-19": [
      "",
      "saptami",
      "",
      ""
    ],
    "12-20": [
      "",
      "astami",
      "",
      ""
    ],
    "12-21": [
      "",
      "nawami",
      "",
      ""
    ],
    "12-22": [
      "",
      "dasami",
      "",
      ""
    
    ],
    "12-25": [
      "",
      "chaturdasi",
      "",
      ""
    ],
    "12-27": [
      "",
      "pratipada",
      "",
      ""
    ],
    "12-28": [
      "",
      "dutiya",
      "",
      ""
    ],
    "12-29": [
      "",
      "tritiya",
      "",
      ""
    ],
    "12-30": [
      "",
      "chaturthi",
      "",
      ""
    ],
    "source": "http://rajpatra.dop.gov.np/welcome/book/?ref=24877"
  },
  "2081": {
    "mm-dd": [
      "cause",
      "type",
      "description",
      "cause_np"
    ],
   
    "01-02": [
      "",
      "pasthai",
      "",
      ""
    ],
    "01-03": [
      "",
      "saptami",
      "",
      ""
    ],
    
    
    "01-06": [
      "",
      "dasami",
      "",
      ""
    ],
    "01-08": [
      "",
      "duwadasi",
      "",
      ""
    ],
    
    "01-10": [
      "",
      "chaturdasi",
      "",
      ""
    ],
    "01-12": [
      "",
      "pratipada",
      "",
      ""
    ],
    "01-13": [
      "",
      "pratipada",
      "",
      ""
    ],
    "01-14": [
      "",
      "dutiya",
      "",
      ""
    ],
    "01-15": [
      "",
      "tritiya",
      "",
      ""
    ],
    "01-16": [
      "",
      "chaturthi",
      "",
      ""
    ],
    "01-17": [
      "",
      "panchami",
      "",
      ""
    ],
    "01-18": [
      "",
      "saptami",
      "",
      ""
    ],
    
    "01-20": [
      "",
      "nawami",
      "",
      ""
    ],
    "01-21": [
      "",
      "dasami",
      "",
      ""
    ],
   
    "01-24": [
      "",
      "trayodasi",
      "",
      ""
    ],
    "01-25": [
      "",
      "chaturdasi",
      "",
      ""
    ],
    "01-27": [
      "",
      "pratipada",
      "",
      ""
    ],
    "01-28": [
      "",
      "dutiya",
      "",
      ""
    ],
    "01-29": [
      "",
      "chaturthi",
      "",
      ""
    ],
    "01-30": [
      "",
      "panchami",
      "",
      ""
    ],
    "01-31": [
      "",
      "pasthai",
      "",
      ""
    ],
    "02-01": [
      "",
      "saptami",
      "",
      ""
    ],
    "02-02": [
      "",
      "saptami",
      "",
      ""
    ],
    
    "02-04": [
      "",
      "nawami",
      "",
      ""
    ],
    "02-05": [
      "",
      "dasami",
      "",
      ""
    ],
    
    "02-08": [
      "",
      "trayodasi",
      "",
      ""
    ],
    "02-09": [
      "",
      "chaturdasi",
      "",
      ""
    ],
    "02-11": [
      "",
      "pratipada",
      "",
      ""
    ],
    "02-12": [
      "",
      "dutiya",
      "",
      ""
    ],
    "02-13": [
      "",
      "tritiya",
      "",
      ""
    ],
    "02-14": [
      "",
      "chaturthi",
      "",
      ""
    ],
    
    "02-16": [
      "",
      "pasthai",
      "",
      ""
    ],
    "02-17": [
      "",
      "saptami",
      "",
      ""
    ],
    "02-18": [
      "",
      "astami",
      "",
      ""
    ],
    "02-19": [
      "",
      "nawami",
      "",
      ""
    ],
    "02-21": [
      "",
      "duwadasi",
      "",
      ""
    ],
    
    "02-23": [
      "",
      "chaturdasi",
      "",
      ""
    ],
    "02-25": [
      "",
      "pratipada",
      "",
      ""
    ],
    "02-26": [
      "",
      "dutiya",
      "",
      ""
    ],
    "02-27": [
      "",
      "tritiya",
      "",
      ""
    ],
    "02-28": [
      "",
      "chaturthi",
      "",
      ""
    ],
    "02-29": [
      "",
      "panchami",
      "",
      ""
    ],
    "02-30": [
      "",
      "pasthai",
      "",
      ""
    ],
    "02-31": [
      "",
      "saptami",
      "",
      ""
    ],
    "02-32": [
      "",
      "astami",
      "",
      ""
    ],
    "03-01": [
      "",
      "nawami",
      "",
      ""
    ],
    "03-02": [
      "",
      "dasami",
      "",
      ""
    ],
    "03-04": [
      "",
      "duwadasi",
      "",
      ""
    ],
   
    "03-06": [
      "",
      "trayodasi",
      "",
      ""
    ],
    "03-07": [
      "",
      "chaturdasi",
      "",
      ""
    ],
    "03-09": [
      "",
      "pratipada",
      "",
      ""
    ],
   
    "03-12": [
      "",
      "panchami",
      "",
      ""
    ],
    "03-13": [
      "",
      "pasthai",
      "",
      ""
    ],
    "03-14": [
      "",
      "saptami",
      "",
      ""
    ],
    "03-15": [
      "",
      "astami",
      "",
      ""
    ],
    "03-16": [
      "",
      "nawami",
      "",
      ""
    ],
    "03-17": [
      "",
      "dasami",
      "",
      ""
    ],
    
    "03-20": [
      "",
      "trayodasi",
      "",
      ""
    ],
    "03-22": [
      "",
      "pratipada",
      "",
      ""
    ],
    "03-23": [
      "",
      "dutiya",
      "",
      ""
    ],
    "03-24": [
      "",
      "tritiya",
      "",
      ""
    ],
    "03-25": [
      "",
      "tritiya",
      "",
      ""
    ],
    "03-26": [
      "",
      "chaturthi",
      "",
      ""
    ],
    "03-27": [
      "",
      "panchami",
      "",
      ""
    ],
    "03-28": [
      "",
      "pasthai",
      "",
      ""
    ],
    "03-29": [
      "",
      "saptami",
      "",
      ""
    ],
    "03-30": [
      "",
      "astami",
      "",
      ""
    ],
    "03-31": [
      "",
      "nawami",
      "",
      ""
    ],
    "04-01": [
      "",
      "dasami",
      "",
      ""
    ],
   
    "04-04": [
      "",
      "trayodasi",
      "",
      ""
    ],
    "04-05": [
      "",
      "chaturdasi",
      "",
      ""
    ],
    "04-07": [
      "",
      "pratipada",
      "",
      ""
    ],
    "04-08": [
      "",
      "dutiya",
      "",
      ""
    ],
    "04-09": [
      "",
      "tritiya",
      "",
      ""
    ],
    "04-10": [
      "",
      "chaturthi",
      "",
      ""
    ],
    "04-11": [
      "",
      "panchami",
      "",
      ""
    ],
    "04-12": [
      "",
      "saptami",
      "",
      ""
    ],
    "04-13": [
      "",
      "astami",
      "",
      ""
    ],
    "04-14": [
      "",
      "nawami",
      "",
      ""
    ],
    "04-15": [
      "",
      "dasami",
      "",
      ""
    ],
   
    "04-18": [
      "",
      "trayodasi",
      "",
      ""
    ],
    "04-19": [
      "",
      "chaturdasi",
      "",
      ""
    ],
    "04-21": [
      "",
      "pratipada",
      "",
      ""
    ],
    "04-22": [
      "",
      "dutiya",
      "",
      ""
    ],
    "04-23": [
      "",
      "tritiya",
      "",
      ""
    ],
    "04-24": [
      "",
      "chaturthi",
      "",
      ""
    ],
   
    "04-26": [
      "",
      "pasthai",
      "",
      ""
    ],
   
    "04-28": [
      "",
      "astami",
      "",
      ""
    ],
    "04-29": [
      "",
      "nawami",
      "",
      ""
    ],
    "04-30": [
      "",
      "nawami",
      "",
      ""
    ],
    "04-31": [
      "",
      "dasami",
      "",
      ""
    ],
   
    "05-02": [
      "",
      "chaturdasi",
      "",
      ""
    ],
    
    "05-05": [
      "",
      "dutiya",
      "",
      ""
    ],
    "05-06": [
      "",
      "tritiya",
      "",
      ""
    ],
    "05-07": [
      "",
      "chaturthi",
      "",
      ""
    ],
    "05-08": [
      "",
      "panchami",
      "",
      ""
    ],
    "05-09": [
      "",
      "pasthai",
      "",
      ""
    ],
   
    "05-11": [
      "",
      "astami",
      "",
      ""
    ],
    "05-12": [
      "",
      "dasami",
      "",
      ""
    ],
    "05-14": [
      "",
      "duwadasi",
      "",
      ""
    ],
    
    "05-16": [
      "",
      "chaturdasi",
      "",
      ""
    ],
    "05-19": [
      "",
      "pratipada",
      "",
      ""
    ],
    "05-20": [
      "",
      "dutiya",
      "",
      ""
    ],
   
   
    "05-23": [
      "",
      "panchami",
      "",
      ""
    ],
    "05-24": [
      "",
      "pasthai",
      "",
      ""
    ],
    "05-25": [
      "",
      "saptami",
      "",
      ""
    ],
    "05-26": [
      "",
      "astami",
      "",
      ""
    ],
    "05-27": [
      "",
      "nawami",
      "",
      ""
    ],
    "05-28": [
      "",
      "dasami",
      "",
      ""
    ],
    
    "05-31": [
      "",
      "trayodasi",
      "",
      ""
    ],
    
    
    "06-04": [
      "",
      "tritiya",
      "",
      ""
    ],
    "06-05": [
      "",
      "chaturthi",
      "",
      ""
    ],
    "06-06": [
      "",
      "panchami",
      "",
      ""
    ],
    "06-07": [
      "",
      "pasthai",
      "",
      ""
    ],
    "06-08": [
      "",
      "saptami",
      "",
      ""
    ],
    "06-09": [
      "",
      "astami",
      "",
      ""
    ],
   
    "06-11": [
      "",
      "dasami",
      "",
      ""
    ],
    "06-13": [
      "",
      "duwadasi",
      "",
      ""
    ],
   
    "06-15": [
      "",
      "chaturdasi",
      "",
      ""
    ],
   
    "06-18": [
      "",
      "dutiya",
      "",
      ""
    ],
    "06-19": [
      "",
      "tritiya",
      "",
      ""
    ],
    "06-20": [
      "",
      "chaturthi",
      "",
      ""
    ],
    "06-21": [
      "",
      "panchami",
      "",
      ""
    ],
    "06-22": [
      "",
      "panchami",
      "",
      ""
    ],
    "06-23": [
      "",
      "pasthai",
      "",
      ""
    ],
   
   
    "07-02": [
      "",
      "pratipada",
      "",
      ""
    ],
    "07-03": [
      "",
      "dutiya",
      "",
      ""
    ],
    "07-04": [
      "",
      "tritiya",
      "",
      ""
    ],
    "07-05": [
      "",
      "chaturthi",
      "",
      ""
    ],
    "07-06": [
      "",
      "panchami",
      "",
      ""
    ],
    "07-07": [
      "",
      "pasthai",
      "",
      ""
    ],
    "07-08": [
      "",
      "astami",
      "",
      ""
    ],
    "07-09": [
      "",
      "nawami",
      "",
      ""
    ],
    "07-10": [
      "",
      "nawami",
      "",
      ""
    ],
    "07-11": [
      "",
      "dasami",
      "",
      ""
    ],
   
   
    "07-21": [
      "",
      "panchami",
      "",
      ""
    ],
   
    "07-23": [
      "",
      "saptami",
      "",
      ""
    ],
    "07-24": [
      "",
      "astami",
      "",
      ""
    ],
    "07-25": [
      "",
      "nawami",
      "",
      ""
    ],
    "07-26": [
      "",
      "dasami",
      "",
      ""
    ],
    
    "07-29": [
      "",
      "trayodasi",
      "",
      ""
    ],
    "08-01": [
      "",
      "pratipada",
      "",
      ""
    ],
    "08-02": [
      "",
      "dutiya",
      "",
      ""
    ],
    "08-03": [
      "",
      "tritiya",
      "",
      ""
    ],
   
    "08-05": [
      "",
      "panchami",
      "",
      ""
    ],
    "08-06": [
      "",
      "pasthai",
      "",
      ""
    ],
    "08-07": [
      "",
      "saptami",
      "",
      ""
    ],
    "08-08": [
      "",
      "astami",
      "",
      ""
    ],
    "08-09": [
      "",
      "nawami",
      "",
      ""
    ],
    "08-10": [
      "",
      "dasami",
      "",
      ""
    ],
    "08-12": [
      "",
      "duwadasi",
      "",
      ""
    ],
   
    "08-14": [
      "",
      "trayodasi",
      "",
      ""
    ],
   
    "08-17": [
      "",
      "pratipada",
      "",
      ""
    ],
    "08-18": [
      "",
      "dutiya",
      "",
      ""
    ],
    "08-19": [
      "",
      "tritiya",
      "",
      ""
    ],
    "08-20": [
      "",
      "chaturthi",
      "",
      ""
    ],
   
    "08-22": [
      "",
      "pasthai",
      "",
      ""
    ],
    "08-23": [
      "",
      "saptami",
      "",
      ""
    ],
    "08-24": [
      "",
      "nawami",
      "",
      ""
    ],
    "08-25": [
      "",
      "dasami",
      "",
      ""
    ],
    "08-27": [
      "",
      "duwadasi",
      "",
      ""
    ],
   
    "08-29": [
      "",
      "chaturdasi",
      "",
      ""
    ],
    "09-01": [
      "",
      "pratipada",
      "",
      ""
    ],
    "09-02": [
      "",
      "dutiya",
      "",
      ""
    ],
    "09-03": [
      "",
      "tritiya",
      "",
      ""
    ],
    "09-04": [
      "",
      "chaturthi",
      "",
      ""
    ],
    "09-05": [
      "",
      "panchami",
      "",
      ""
    ],
    "09-06": [
      "",
      "pasthai",
      "",
      ""
    ],
    "09-07": [
      "",
      "saptami",
      "",
      ""
    ],
    "09-08": [
      "",
      "astami",
      "",
      ""
    ],
    "09-09": [
      "",
      "nawami",
      "",
      ""
    ],
   
    "09-12": [
      "",
      "duwadasi",
      "",
      ""
    ],
   
    "09-14": [
      "",
      "chaturdasi",
      "",
      ""
    ],
    "09-16": [
      "",
      "pratipada",
      "",
      ""
    ],
    "09-17": [
      "",
      "dutiya",
      "",
      ""
    ],
    "09-18": [
      "",
      "tritiya",
      "",
      ""
    ],
    "09-19": [
      "",
      "chaturthi",
      "",
      ""
    ],
    "09-20": [
      "",
      "panchami",
      "",
      ""
    ],
    "09-21": [
      "",
      "pasthai",
      "",
      ""
    ],
    "09-22": [
      "",
      "saptami",
      "",
      ""
    ],
    "09-23": [
      "",
      "astami",
      "",
      ""
    ],
    "09-24": [
      "",
      "nawami",
      "",
      ""
    ],
    "09-25": [
      "",
      "dasami",
      "",
      ""
    ],
   
    "09-28": [
      "",
      "chaturdasi",
      "",
      ""
    ],
    
    "10-02": [
      "",
      "dutiya",
      "",
      ""
    ],
    "10-03": [
      "",
      "tritiya",
      "",
      ""
    ],
    "10-04": [
      "",
      "chaturthi",
      "",
      ""
    ],
    "10-05": [
      "",
      "panchami",
      "",
      ""
    ],
    "10-06": [
      "",
      "panchami",
      "",
      ""
    ],
    "10-07": [
      "",
      "pasthai",
      "",
      ""
    ],
    "10-08": [
      "",
      "saptami",
      "",
      ""
    ],
    "10-09": [
      "",
      "astami",
      "",
      ""
    ],
    "10-10": [
      "",
      "nawami",
      "",
      ""
    ],
    "10-11": [
      "",
      "dasami",
      "",
      ""
    ],
    "10-13": [
      "",
      "duwadasi",
      "",
      ""
    ],
   
    "10-15": [
      "",
      "chaturdasi",
      "",
      ""
    ],
   
    "10-18": [
      "",
      "dutiya",
      "",
      ""
    ],
    "10-19": [
      "",
      "tritiya",
      "",
      ""
    ],
    "10-20": [
      "",
      "chaturthi",
      "",
      ""
    ],
   
    "10-22": [
      "",
      "pasthai",
      "",
      ""
    ],
    "10-23": [
      "",
      "astami",
      "",
      ""
    ],
    "10-24": [
      "",
      "nawami",
      "",
      ""
    ],
    "10-25": [
      "",
      "dasami",
      "",
      ""
    ],
    "10-27": [
      "",
      "duwadasi",
      "",
      ""
    ],
   
    "10-29": [
      "",
      "chaturdasi",
      "",
      ""
    ],
    "11-01": [
      "",
      "pratipada",
      "",
      ""
    ],
    "11-02": [
      "",
      "dutiya",
      "",
      ""
    ],
    "11-03": [
      "",
      "tritiya",
      "",
      ""
    ],
    "11-04": [
      "",
      "chaturthi",
      "",
      ""
    ],
    "11-05": [
      "",
      "panchami",
      "",
      ""
    ],
    "11-06": [
      "",
      "pasthai",
      "",
      ""
    ],
    
    "11-08": [
      "",
      "saptami",
      "",
      ""
    ],
    "11-09": [
      "",
      "astami",
      "",
      ""
    ],
    "11-10": [
      "",
      "nawami",
      "",
      ""
    ],
    "11-11": [
      "",
      "dasami",
      "",
      ""
    ],
   
    "11-15": [
      "",
      "chaturdasi",
      "",
      ""
    ],
    "11-17": [
      "",
      "dutiya",
      "",
      ""
    ],
    "11-18": [
      "",
      "tritiya",
      "",
      ""
    ],
    "11-19": [
      "",
      "chaturthi",
      "",
      ""
    ],
    "11-20": [
      "",
      "panchami",
      "",
      ""
    ],
    "11-21": [
      "",
      "pasthai",
      "",
      ""
    ],
    "11-22": [
      "",
      "saptami",
      "",
      ""
    ],
    "11-23": [
      "",
      "astami",
      "",
      ""
    ],
    "11-24": [
      "",
      "nawami",
      "",
      ""
    ],
    "11-25": [
      "",
      "dasami",
      "",
      ""
    ],
   
    "11-28": [
      "",
      "trayodasi",
      "",
      ""
    ],
    
    "12-02": [
      "",
      "pratipada",
      "",
      ""
    ],
    "12-03": [
      "",
      "dutiya",
      "",
      ""
    ],
    "12-04": [
      "",
      "tritiya",
      "",
      ""
    ],
   
    "12-06": [
      "",
      "panchami",
      "",
      ""
    ],
    "12-07": [
      "",
      "pasthai",
      "",
      ""
    ],
    "12-08": [
      "",
      "saptami",
      "",
      ""
    ],
    "12-09": [
      "",
      "astami",
      "",
      ""
    ],
    "12-10": [
      "",
      "nawami",
      "",
      ""
    ],
    "12-11": [
      "",
      "dasami",
      "",
      ""
    ],
    "12-13": [
      "",
      "duwadasi",
      "",
      ""
    ],
    
    "12-15": [
      "",
      "chaturdasi",
      "",
      ""
    ],
    "12-17": [
      "",
      "pratipada",
      "",
      ""
    ],
    "12-18": [
      "",
      "dutiya",
      "",
      ""
    ],
    "12-19": [
      "",
      "tritiya",
      "",
      ""
    ],
    "12-20": [
      "",
      "chaturthi",
      "",
      ""
    ],
    "12-21": [
      "",
      "pasthai",
      "",
      ""
    ],
    "12-22": [
      "",
      "saptami",
      "",
      ""
    ],
   
    "12-25": [
      "",
      "dasami",
      "",
      ""
    ],
    "12-27": [
      "",
      "duwadasi",
      "",
      ""
    ],
    
    "12-29": [
      "",
      "chaturdasi",
      "",
      ""
    ],
    "source": "नेपाल राजपत्र भाग ५ संख्या ६५ खण्ड ७२ (२०७९/१२/०२)",
    "special_note": "माथिका बिदाहरूमध्ये बुद्ध जयन्ती, श्री रातो मच्छिन्द्रनाथ भोटो जात्रा, गणतन्त्र दिवस, रक्षाबन्धन, सा पारु, श्रीकृष्ण जन्माष्टमी, येँया पुन्हि, घटस्थापना, क्रिसमस डे, यः मरी पुन्हि, तमू ल्होसार, पृथ्वी जयन्ती, माघे सङ्क्रान्ति, सोनम ल्होसार, जनयुद्ध दिवस, राष्ट्रिय प्रजातन्त्र दिवस, महा शिवरात्री, ग्याल्पो ल्होसार, ईद-उल‍-फित्र, ईद-उल-अजहा, घोडे जात्राका दिनमा केही सार्वजनिक निकायहरूमा सेवा प्रवाह हुने"
  },
  "compiled_by": "Brihat Ratna Bajracharya",
  "holiday_types": [
    "national",
    "specific"
  ],
  "start_year": 2080,
  "end_year": 2081,
  "description_types": [
    "अपाङ्गता भएका कर्मचारीहरूको लागि मात्र",
    "शैक्षिक संस्थाका लागि मात्र",
    "For Females of Particular Religion Only",
    "विशिष्ट समुदायका महिलाहरूको लागि मात्र",
    "झापा, मोरङ, सुनसरी, सिरहा र सप्तरी जिल्लाका लागि",
    "काठमाडौं उपत्यकाको लागि मात्र",
    "For Kathmandu Valley or Particular Community Only",
    "किरात को लागी मात्र",
    "किरात को लागी मात्र and/or Province 1 Only",
    "विशेष धर्मका महिलाहरूको लागि मात्र",
    "महिलाहरु को लागी मात्र",
    "नेपाली सिखहरूका लागि मात्र",
    "नेपाली सिखहरूका लागि मात्र and In Dharan Municipality Offices Only",
    "For Newar Community Only",
    "For Newar Community Only or In Kathmandu Valley Only",
    "For Particular Community Only",
    "विशेष समुदाय / क्षेत्र को लागी मात्र",
    "विशेष धर्म को लागी मात्र",
    "21 दक्षिणी जिल्लाहरूमा",
    "56 पहाडी जिल्लाहरूमा",
    "In Bhaktapur Municipality Only",
    "गण्डकी प्रदेशमा मात्रै",
    "काठमाडौं महानगरपालिकामा मात्रै",
    "कोशी प्रदेशमा मात्रै",
    "In Lumbini Province Only",
    "मधेस प्रदेशमा मात्रै",
    "In Province 1 and Madesh Province Only",
    "In Province 1 Only",
    "In Specific Province Only",
    "In specific areas only (Bara-2, Chitwan-2, Tanahu-1)",
    "सार्वजनिक विदा"
  ]
}