{
  "2076": {
    "mm-dd": [
      "cause",
      "type",
      "description",
      "cause_np"
    ],
    "01-01": [
      "नयाँ वर्ष 2076",
      "national",
      "सार्वजनिक विदा",
      "नयाँ वर्ष"
    ],
    "01-18": [
      "अन्तर्राष्ट्रिय श्रमिक दिवस",
      "national",
      "सार्वजनिक विदा",
      "अन्तर्राष्ट्रिय श्रमिक दिवस"
    ],
    "02-04": [
      "बुद्ध जयन्ती / उभौली पर्व / वैशाख पूर्णिमा",
      "national",
      "सार्वजनिक विदा",
      "बुद्ध जयन्ती"
    ],
    "04-31": [
      "साः पारु",
      "specific",
      "काठमाडौं उपत्यकाको लागि मात्र",
      "साः पारु"
    ],
    "05-06": [
      "गौरा पर्व",
      "specific",
      "विशेष धर्म को लागी मात्र",
      "गौरा पर्व"
    ],
    "05-16": [
      "तीज",
      "specific",
      "महिलाहरु को लागी मात्र",
      "तीज"
    ],
    "05-27": [
      "इन्द्र जात्रा",
      "specific",
      "काठमाडौं उपत्यकाको लागि मात्र",
      "इन्द्र जात्रा"
    ],
    "06-03": [
      "संविधान दिवस",
      "national",
      "सार्वजनिक विदा",
      "संविधान दिवस"
    ],
    "06-05": [
      "जितिया पर्व",
      "specific",
      "विशेष धर्मका महिलाहरूको लागि मात्र",
      "जितिया पर्व"
    ],
    "06-18": [
      "दसैं २०७६",
      "national",
      "सार्वजनिक विदा",
      "दसैं २०७६"
    ],
    "06-19": [
      "दसैं २०७६",
      "national",
      "सार्वजनिक विदा",
      "दसैं २०७६"
    ],
    "06-20": [
      "दसैं २०७६",
      "national",
      "सार्वजनिक विदा",
      "दसैं २०७६"
    ],
    "06-21": [
      "दसैं २०७६",
      "national",
      "सार्वजनिक विदा",
      "दसैं २०७६"
    ],
    "06-22": [
      "दसैं २०७६",
      "national",
      "सार्वजनिक विदा",
      "दसैं २०७६"
    ],
    "07-10": [
      "तिहार २०७६",
      "national",
      "सार्वजनिक विदा",
      "तिहार २०७६"
    ],
    "07-11": [
      "तिहार २०७६",
      "national",
      "सार्वजनिक विदा",
      "तिहार २०७६"
    ],
    "07-12": [
      "तिहार २०७६ / नेपाल संवत् ११४०",
      "national",
      "सार्वजनिक विदा",
      "नेपाल सम्वत् ११४० प्रारम्भ"
    ],
    "07-25": [
      "फालगुनन्द जयन्ती",
      "specific",
      "किरात को लागी मात्र",
      "फालगुनन्द जयन्ती"
    ],
    "08-16": [
      "छठ पर्व",
      "specific",
      "विशेष धर्म को लागी मात्र",
      "छठ पर्व"
    ],
    "08-17": [
      "अन्तर्राष्ट्रिय अपाङ्गता दिवस",
      "specific",
      "अपाङ्गता भएका कर्मचारीहरूको लागि मात्र",
      "अन्तर्राष्ट्रिय अपाङ्गता दिवस"
    ],
    "08-26": [
      "योमरी पुन्ही/उधौली/गुरु नानक जयन्ती",
      "specific",
      "विशेष धर्म को लागी मात्र / सिखहरू मात्र",
      "यः मरी पुन्हि"
    ],
    "09-09": [
      "क्रिसमस डे",
      "specific",
      "विशेष धर्म को लागी मात्र",
      "क्रिसमस डे"
    ],
    "09-15": [
      "तमु ल्होसार",
      "specific",
      "विशेष धर्म को लागी मात्र",
      "तमु ल्होसार"
    ],
    "10-01": [
      "माघे सङ्क्रान्ति",
      "specific",
      "विशेष धर्म को लागी मात्र",
      "माघे सङ्क्रान्ति"
    ],
    "10-11": [
      "सोनम ल्होसार",
      "specific",
      "विशेष धर्म को लागी मात्र",
      "सोनम ल्होसार"
    ],
    "10-16": [
      "सरस्वती पूजा",
      "specific",
      "शैक्षिक संस्थाका लागि मात्र",
      "सरस्वती पूजा"
    ],
    "11-09": [
      "महा शिवरात्री",
      "national",
      "सार्वजनिक विदा",
      "महा शिवरात्री"
    ],
    "11-12": [
      "ग्याल्पो ल्होसार",
      "specific",
      "विशेष धर्म को लागी मात्र",
      "ग्याल्पो ल्होसार"
    ],
    "11-25": [
      "अन्तर्राष्ट्रिय महिला दिवस",
      "national",
      "सार्वजनिक विदा",
      "अन्तर्राष्ट्रिय महिला दिवस"
    ],
    "11-26": [
      "होली (पहाडी क्षेत्र)",
      "specific",
      "56 पहाडी जिल्लाहरूमा",
      "होली"
    ],
    "11-27": [
      "होली (तराई क्षेत्र)",
      "specific",
      "१९ दक्षिणी जिल्लामा",
      "होली"
    ],
    "12-11": [
      "घोडे जात्रा",
      "specific",
      "काठमाडौं उपत्यकाको लागि मात्र",
      "घोडे जात्रा"
    ],
    "source": "https://moha.gov.np/public/upload/e66443e81e8cc9c4fa5c099a1fb1bb87/files/BIDA_2076_Rajpatra(1).pdf"
  },
  "2077": {
    "mm-dd": [
      "cause",
      "type",
      "description",
      "cause_np"
    ],
    "01-01": [
      "नयाँ वर्ष 2077",
      "national",
      "सार्वजनिक विदा",
      "नयाँ वर्ष"
    ],
    "01-19": [
      "अन्तर्राष्ट्रिय श्रमिक दिवस",
      "national",
      "सार्वजनिक विदा",
      "अन्तर्राष्ट्रिय श्रमिक दिवस"
    ],
    "01-25": [
      "उभौली पर्व / वैशाख पूर्णिमा",
      "national",
      "सार्वजनिक विदा",
      "बुद्ध जयन्ती"
    ],
    "04-20": [
      "साः पारु",
      "specific",
      "काठमाडौं उपत्यकाको लागि मात्र",
      "साः पारु"
    ],
    "05-05": [
      "तीज",
      "specific",
      "महिलाहरु को लागी मात्र",
      "तीज"
    ],
    "05-10": [
      "गौरा पर्व",
      "specific",
      "विशेष धर्म को लागी मात्र",
      "गौरा पर्व"
    ],
    "05-16": [
      "इन्द्र जात्रा",
      "specific",
      "काठमाडौं उपत्यकाको लागि मात्र",
      "इन्द्र जात्रा"
    ],
    "05-25": [
      "जितिया पर्व",
      "specific",
      "विशेष धर्मका महिलाहरूको लागि मात्र",
      "जितिया पर्व"
    ],
    "06-03": [
      "संविधान दिवस",
      "national",
      "सार्वजनिक विदा",
      "संविधान दिवस"
    ],
    "07-07": [
      "दसैं २०७७",
      "national",
      "सार्वजनिक विदा",
      "दसैं २०७७"
    ],
    "07-08": [
      "दसैं २०७७",
      "national",
      "सार्वजनिक विदा",
      "दसैं २०७७"
    ],
    "07-09": [
      "दसैं २०७७",
      "national",
      "सार्वजनिक विदा",
      "दसैं २०७७"
    ],
    "07-10": [
      "दसैं २०७७",
      "national",
      "सार्वजनिक विदा",
      "दसैं २०७७"
    ],
    "07-11": [
      "दसैं २०७७",
      "national",
      "सार्वजनिक विदा",
      "दसैं २०७७"
    ],
    "07-25": [
      "फालगुनन्द जयन्ती",
      "specific",
      "किरात को लागी मात्र",
      "फालगुनन्द जयन्ती"
    ],
    "07-29": [
      "तिहार २०७७",
      "national",
      "सार्वजनिक विदा",
      "तिहार २०७७"
    ],
    "07-30": [
      "तिहार २०७७",
      "national",
      "सार्वजनिक विदा",
      "तिहार २०७७"
    ],
    "08-01": [
      "नेपाल संवत् ११४१",
      "national",
      "सार्वजनिक विदा",
      "नेपाल सम्वत् ११४१ प्रारम्भ"
    ],
    "08-05": [
      "छठ पर्व",
      "specific",
      "विशेष धर्म को लागी मात्र",
      "छठ पर्व"
    ],
    "08-15": [
      "गुरु नानक जयन्ती",
      "specific",
      "नेपाली सिखहरूका लागि मात्र",
      "गुरु नानक जयन्ती"
    ],
    "08-18": [
      "अन्तर्राष्ट्रिय अपाङ्गता दिवस",
      "specific",
      "अपाङ्गता भएका कर्मचारीहरूको लागि मात्र",
      "अन्तर्राष्ट्रिय अपाङ्गता दिवस"
    ],
    "09-10": [
      "क्रिसमस डे",
      "specific",
      "विशेष धर्म को लागी मात्र",
      "क्रिसमस डे"
    ],
    "10-01": [
      "माघे सङ्क्रान्ति",
      "specific",
      "विशेष धर्म को लागी मात्र",
      "माघे सङ्क्रान्ति"
    ],
    "10-30": [
      "सोनम ल्होसार",
      "specific",
      "विशेष धर्म को लागी मात्र",
      "सोनम ल्होसार"
    ],
    "11-04": [
      "सरस्वती पूजा",
      "specific",
      "शैक्षिक संस्थाका लागि मात्र",
      "सरस्वती पूजा"
    ],
    "11-24": [
      "अन्तर्राष्ट्रिय महिला दिवस",
      "national",
      "सार्वजनिक विदा",
      "अन्तर्राष्ट्रिय महिला दिवस"
    ],
    "12-01": [
      "ग्याल्पो ल्होसार",
      "specific",
      "विशेष धर्म को लागी मात्र",
      "ग्याल्पो ल्होसार"
    ],
    "12-29": [
      "घोडे जात्रा",
      "specific",
      "काठमाडौं उपत्यकाको लागि मात्र",
      "घोडे जात्रा"
    ],
    "source": "https://moha.gov.np/en/post/public-festival-holiday-and-time-schedule-of-office-for-the-year-2077"
  },
  "2078": {
    "mm-dd": [
      "cause",
      "type",
      "description",
      "cause_np"
    ],
    "01-01": [
      "नयाँ वर्ष 2078",
      "national",
      "सार्वजनिक विदा",
      "नयाँ वर्ष"
    ],
    "01-18": [
      "अन्तर्राष्ट्रिय श्रमिक दिवस",
      "national",
      "सार्वजनिक विदा",
      "अन्तर्राष्ट्रिय श्रमिक दिवस"
    ],
    "02-12": [
      "उभौली पर्व / वैशाख पूर्णिमा",
      "national",
      "सार्वजनिक विदा",
      "बुद्ध जयन्ती"
    ],
    "02-15": [
      "गणतन्त्र दिवस",
      "national",
      "सार्वजनिक विदा",
      "गणतन्त्र दिवस"
    ],
    "04-06": [
      "ईद-उल-अदा",
      "national",
      "सार्वजनिक विदा",
      "ईद-उल-अदा"
    ],
    "05-06": [
      "रक्षाबन्धन",
      "national",
      "सार्वजनिक विदा",
      "रक्षाबन्धन"
    ],
    "05-07": [
      "साः पारु",
      "specific",
      "नेवार समुदायको लागि मात्र",
      "साः पारु"
    ],
    "05-14": [
      "श्रीकृष्ण जन्माष्टमी / गौरा पर्व",
      "national",
      "सार्वजनिक विदा",
      "श्रीकृष्ण जन्माष्टमी"
    ],
    "05-24": [
      "तीज",
      "specific",
      "महिलाहरु को लागी मात्र",
      "तीज"
    ],
    "06-03": [
      "संविधान दिवस / इन्द्र जात्रा",
      "national",
      "सार्वजनिक विदा",
      "संविधान दिवस / इन्द्र जात्रा"
    ],
    "06-13": [
      "जितिया पर्व",
      "specific",
      "विशेष धर्मका महिलाहरूको लागि मात्र",
      "जितिया पर्व"
    ],
    "06-21": [
      "घटस्थापना",
      "national",
      "सार्वजनिक विदा",
      "घटस्थापना"
    ],
    "06-26": [
      "दसैं २०७८",
      "national",
      "सार्वजनिक विदा",
      "दसैं २०७८"
    ],
    "06-27": [
      "दसैं २०७८",
      "national",
      "सार्वजनिक विदा",
      "दसैं २०७८"
    ],
    "06-28": [
      "दसैं २०७८",
      "national",
      "सार्वजनिक विदा",
      "दसैं २०७८"
    ],
    "06-29": [
      "दसैं २०७८",
      "national",
      "सार्वजनिक विदा",
      "दसैं २०७८"
    ],
    "06-30": [
      "दसैं २०७८",
      "national",
      "सार्वजनिक विदा",
      "दसैं २०७८"
    ],
    "07-02": [
      "पैगम्बर मुहम्मद को जन्मदिन",
      "specific",
      "विशेष धर्म को लागी मात्र",
      "मोहम्मद जन्म जयन्ती"
    ],
    "07-18": [
      "Tihar 2078",
      "national",
      "सार्वजनिक विदा",
      "तिहार २०७८"
    ],
    "07-19": [
      "तिहार 2078 / नेपाल संवत् 1142",
      "national",
      "सार्वजनिक विदा",
      "नेपाल सम्वत् ११४२ प्रारम्भ"
    ],
    "07-20": [
      "तिहार २०७८",
      "national",
      "सार्वजनिक विदा",
      "तिहार २०७८"
    ],
    "07-21": [
      "तिहार २०७८",
      "national",
      "सार्वजनिक विदा",
      "तिहार २०७८"
    ],
    "07-24": [
      "छठ पर्व",
      "national",
      "सार्वजनिक विदा",
      "छठ पर्व"
    ],
    "07-25": [
      "फालगुनन्द जयन्ती",
      "specific",
      "किरात को लागी मात्र",
      "फालगुनन्द जयन्ती"
    ],
    "08-03": [
      "गुरु नानक जयन्ती",
      "specific",
      "नेपाली सिखहरूका लागि मात्र",
      "गुरु नानक जयन्ती"
    ],
    "08-17": [
      "अन्तर्राष्ट्रिय अपाङ्गता दिवस",
      "specific",
      "अपाङ्गता भएका कर्मचारीहरूको लागि मात्र",
      "अन्तर्राष्ट्रिय अपाङ्गता दिवस"
    ],
    "09-04": [
      "योमरी पुन्ही/उधौली",
      "specific",
      "काठमाडौं उपत्यका वा विशेष समुदायका लागि मात्र",
      "यः मरी पुन्हि"
    ],
    "09-10": [
      "क्रिसमस डे",
      "national",
      "सार्वजनिक विदा",
      "क्रिसमस डे"
    ],
    "09-15": [
      "तमु ल्होसार",
      "national",
      "सार्वजनिक विदा",
      "तमु ल्होसार"
    ],
    "10-01": [
      "माघे सङ्क्रान्ति",
      "national",
      "सार्वजनिक विदा",
      "माघे सङ्क्रान्ति"
    ],
    "10-19": [
      "सोनम ल्होसार",
      "national",
      "सार्वजनिक विदा",
      "सोनम ल्होसार"
    ],
    "10-23": [
      "सरस्वती पूजा",
      "specific",
      "शैक्षिक संस्थाका लागि मात्र",
      "सरस्वती पूजा"
    ],
    "11-03": [
      "लुम्बिनी प्रदेश स्थापना दिवस",
      "specific",
      "लुम्बिनी प्रदेशमा मात्रै",
      "लुम्बिनी प्रदेश स्थापना दिवस"
    ],
    "11-04": [
      "गण्डकी प्रदेश स्थापना दिवस",
      "specific",
      "गण्डकी प्रदेशमा मात्रै",
      "गण्डकी प्रदेश स्थापना दिवस"
    ],
    "11-07": [
      "राष्ट्रिय प्रजातन्त्र दिवस",
      "national",
      "सार्वजनिक विदा",
      "प्रजातन्त्र दिवस"
    ],
    "11-17": [
      "महा शिवरात्री",
      "national",
      "सार्वजनिक विदा",
      "महा शिवरात्री"
    ],
    "11-19": [
      "ग्याल्पो ल्होसार",
      "national",
      "सार्वजनिक विदा",
      "ग्याल्पो ल्होसार"
    ],
    "11-24": [
      "अन्तर्राष्ट्रिय महिला दिवस",
      "national",
      "सार्वजनिक विदा",
      "अन्तर्राष्ट्रिय महिला दिवस"
    ],
    "12-03": [
      "होली (पहाडी क्षेत्र)",
      "specific",
      "56 पहाडी जिल्लाहरूमा",
      "होली"
    ],
    "12-04": [
      "होली (तराई क्षेत्र)",
      "specific",
      "21 दक्षिणी जिल्लाहरूमा",
      "होली"
    ],
    "12-18": [
      "घोडे जात्रा",
      "specific",
      "काठमाडौं उपत्यकाको लागि मात्र",
      "घोडे जात्रा"
    ],
    "12-27": [
      "राम नवमी",
      "national",
      "सार्वजनिक विदा",
      "राम नवमी"
    ],
    "source": "https://moha.gov.np/public/upload/e66443e81e8cc9c4fa5c099a1fb1bb87/files/%E0%A4%B8%E0%A4%AE%E0%A5%8D%E0%A4%B5%E0%A4%A4%E0%A5%8D_%E0%A5%A8%E0%A5%A6%E0%A5%AD%E0%A5%AE_%E0%A4%B8%E0%A4%BE%E0%A4%B2%E0%A4%AE%E0%A4%BE_%E0%A4%A6%E0%A4%BF%E0%A4%87%E0%A4%A8%E0%A5%87_%E0%A4%B8%E0%A4%BE%E0%A4%B0%E0%A5%8D%E0%A4%B5%E0%A4%9C%E0%A4%A8%E0%A4%BF%E0%A4%95_%E0%A4%AC%E0%A4%BF%E0%A4%A6%E0%A4%BE%E0%A4%B9%E0%A4%B0%E0%A5%81.pdf"
  },
  "2079": {
    "mm-dd": [
      "cause",
      "type",
      "description",
      "cause_np"
    ],
    "01-01": [
      "नयाँ वर्ष",
      "national",
      "सार्वजनिक विदा",
      "नयाँ वर्ष"
    ],
    "01-02": [
      "सिरुवा पवानीको दिन",
      "specific",
      "झापा, मोरङ, सुनसरी, सिरहा र सप्तरी जिल्लाका लागि",
      "सिरुवा पवानी दिवस"
    ],
    "01-18": [
      "अन्तर्राष्ट्रिय श्रमिक दिवस",
      "national",
      "सार्वजनिक विदा",
      "अन्तर्राष्ट्रिय श्रमिक दिवस"
    ],
    "01-20": [
      "ईद-उल‍-फित्र",
      "national",
      "सार्वजनिक विदा",
      "ईद-उल‍-फित्र"
    ],
    "01-30": [
      "स्थानीय तहको निर्वाचन २०७९",
      "national",
      "सार्वजनिक विदा",
      "स्थानीय तह निर्वाचन २०७९"
    ],
    "02-02": [
      "बुद्ध पूर्णिमा / उभौली पर्व / वैशाख पूर्णिमा",
      "national",
      "सार्वजनिक विदा",
      "बुद्ध जयन्ती"
    ],
    "02-15": [
      "गणतन्त्र दिवस",
      "national",
      "सार्वजनिक विदा",
      "गणतन्त्र दिवस"
    ],
    "02-21": [
      "श्री रातो मच्छिन्द्रनाथ जाह्वाला (प्वाकलं, भोटो) जात्रा",
      "national",
      "सार्वजनिक विदा",
      "श्री रातो मच्छिन्द्रनाथ भोटो जात्रा"
    ],
    "03-26": [
      "ईद-उल-अजहा",
      "national",
      "सार्वजनिक विदा",
      "ईद-उल-अजहा"
    ],
    "04-27": [
      "साः पारु / रक्षाबन्धन",
      "national",
      "सार्वजनिक विदा",
      "साः पारु, रक्षाबन्धन"
    ],
    "05-03": [
      "श्री कृष्ण जन्माष्टमी",
      "national",
      "सार्वजनिक विदा",
      "श्रीकृष्ण जन्माष्टमी"
    ],
    "05-04": [
      "राधा कृष्ण रथ यात्रा",
      "specific",
      "प्रदेश १ मा मात्रै",
      "राधा कृष्ण रथ यात्रा"
    ],
    "05-14": [
      "तीज",
      "specific",
      "महिलाहरु को लागी मात्र",
      "तीज"
    ],
    "05-18": [
      "गौरा पर्व",
      "specific",
      "विशेष समुदायको लागि मात्र",
      "गौरा पर्व"
    ],
    "05-24": [
      "येँया पुन्हि",
      "specific",
      "काठमाडौं उपत्यकाको लागि मात्र",
      "येँया पुन्हि"
    ],
    "05-28": [
      "गौरा पर्व",
      "specific",
      "विशेष समुदाय / क्षेत्र को लागी मात्र",
      "गौरा पर्व"
    ],
    "06-02": [
      "जितिया पर्व",
      "specific",
      "विशेष धर्मका महिलाहरूको लागि मात्र",
      "जितिया पर्व"
    ],
    "06-03": [
      "संविधान दिवस",
      "national",
      "सार्वजनिक विदा",
      "संविधान दिवस"
    ],
    "06-10": [
      "घटस्थापना",
      "national",
      "सार्वजनिक विदा",
      "घटस्थापना"
    ],
    "06-16": [
      "फूलपाती",
      "national",
      "सार्वजनिक विदा",
      "फूलपाती"
    ],
    "06-17": [
      "कुछि भ्वय्",
      "national",
      "सार्वजनिक विदा",
      "कुछि भ्वय्"
    ],
    "06-18": [
      "महानवमी",
      "national",
      "सार्वजनिक विदा",
      "महानवमी"
    ],
    "06-19": [
      "विजया दशमी",
      "national",
      "सार्वजनिक विदा",
      "विजया दशमी"
    ],
    "06-20": [
      "दसैं २०७९",
      "national",
      "सार्वजनिक विदा",
      "दसैं २०७९"
    ],
    "06-21": [
      "दसैं २०७९",
      "national",
      "सार्वजनिक विदा",
      "दसैं २०७९"
    ],
    "06-23": [
      "कोजाग्रत पूर्णिमा",
      "specific",
      "गण्डकी प्रदेशमा मात्रै",
      "कोजाग्रत पूर्णिमा"
    ],
    "07-01": [
      "सत्य मोहन जोशी शोक बिदा",
      "national",
      "सार्वजनिक विदा",
      "सत्य मोहन जोशी शोक बिदा"
    ],
    "07-07": [
      "लक्ष्मी पूजा",
      "national",
      "सार्वजनिक विदा",
      "लक्ष्मी पूजा"
    ],
    "07-08": [
      "म्हः पूजा",
      "national",
      "सार्वजनिक विदा",
      "म्हः पूजा"
    ],
    "07-09": [
      "किजा पूजा",
      "national",
      "सार्वजनिक विदा",
      "किजा पूजा"
    ],
    "07-10": [
      "किजा पूजा",
      "national",
      "सार्वजनिक विदा",
      "किजा पूजा"
    ],
    "07-11": [
      "तिहार २०७९",
      "national",
      "सार्वजनिक विदा",
      "तिहार २०७९"
    ],
    "07-13": [
      "छठ पर्व",
      "national",
      "सार्वजनिक विदा",
      "छठ पर्व"
    ],
    "07-14": [
      "छठ पर्व",
      "specific",
      "प्रदेश १ र मधेश प्रदेशमा मात्रै",
      "छठ पर्व"
    ],
    "07-22": [
      "गुरु नानक जयन्ती / बराहा क्षेत्र मेला",
      "specific",
      "नेपाली सिखहरूका लागि मात्र ",
      "गुरु नानक जयन्ती"
    ],
    "07-25": [
      "फालगुनन्द जयन्ती",
      "specific",
      "किरात को लागी मात्र ",
      "फाल्गुनन्द जयन्ती"
    ],
    "08-04": [
      "प्रदेश तथा प्रतिनिधि सभा निर्वाचन २०७९",
      "national",
      "सार्वजनिक विदा",
      "प्रदेश तथा प्रतिनिधि सभा निर्वाचन २०७९"
    ],
    "08-05": [
      "प्रदेश तथा प्रतिनिधि सभा निर्वाचन २०७९",
      "national",
      "सार्वजनिक विदा",
      "प्रदेश तथा प्रतिनिधि सभा निर्वाचन २०७९"
    ],
    "08-12": [
      "विवाह पञ्चमी",
      "specific",
      "मधेस प्रदेशमा मात्रै",
      "विवाह पञ्चमी"
    ],
    "08-17": [
      "अन्तर्राष्ट्रिय अपाङ्गता दिवस",
      "specific",
      "अपाङ्गता भएका कर्मचारीहरूको लागि मात्र",
      "अन्तर्राष्ट्रिय अपाङ्गता दिवस"
    ],
    "08-22": [
      "योमरी पुन्ही/उधौली पर्व",
      "national",
      "सार्वजनिक विदा",
      "यःमरी पुन्हि"
    ],
    "09-10": [
      "क्रिसमस डे",
      "national",
      "सार्वजनिक विदा",
      "क्रिसमस डे"
    ],
    "09-15": [
      "तमु ल्होसार",
      "national",
      "सार्वजनिक विदा",
      "तमु ल्होसार"
    ],
    "09-27": [
      "पृथ्वी जयन्ती",
      "national",
      "सार्वजनिक विदा",
      "पृथ्वी जयन्ती"
    ],
    "10-01": [
      "माघे सङ्क्रान्ति",
      "national",
      "सार्वजनिक विदा",
      "माघे सङ्क्रान्ति"
    ],
    "10-02": [
      " (माघे सङ्क्रान्ति)",
      "national",
      "सार्वजनिक विदा ",
      "यती एअरलाइन्स बिमान दुर्घटना शोक बिदा"
    ],
    "10-05": [
      "बलिदानी दिवस / मधेश आन्दोलन स्मृति दिवस",
      "specific",
      "मधेश प्रदेशमा मात्रै",
      "बलिदानी दिवस / मधेश आन्दोलन स्मृति दिवस"
    ],
    "10-08": [
      "सोनम ल्होसार",
      "national",
      "सार्वजनिक विदा",
      "सोनम ल्होसार"
    ],
    "10-12": [
      "सरस्वती पूजा",
      "specific",
      "शैक्षिक संस्थाका लागि मात्र",
      "सरस्वती पूजा"
    ],
    "11-01": [
      "जनयुद्ध दिवस",
      "national",
      "सार्वजनिक विदा",
      "जनयुद्ध दिवस"
    ],
    "11-03": [
      "लुम्बिनी प्रदेश स्थापना दिवस",
      "specific",
      "लुम्बिनी प्रदेशमा मात्रै",
      "लुम्बिनी प्रदेश स्थापना दिवस"
    ],
    "11-04": [
      "गण्डकी प्रदेश स्थापना दिवस",
      "specific",
      "गण्डकी प्रदेशमा मात्रै",
      "गण्डकी प्रदेश स्थापना दिवस"
    ],
    "11-06": [
      "महा शिवरात्री",
      "national",
      "सार्वजनिक विदा",
      "महा शिवरात्री"
    ],
    "11-07": [
      "राष्ट्रिय प्रजातन्त्र दिवस",
      "national",
      "सार्वजनिक विदा",
      "प्रजातन्त्र दिवस"
    ],
    "11-09": [
      "ग्याल्पो ल्होसार",
      "national",
      "सार्वजनिक विदा",
      "ग्याल्पो ल्होसार"
    ],
    "11-18": [
      "कोशी प्रदेश नामकरण बिदा",
      "specific",
      "कोशी प्रदेशमा मात्रै",
      "कोशी प्रदेश नामाङ्कन बिदा"
    ],
    "11-24": [
      "अन्तर्राष्ट्रिय महिला दिवस",
      "national",
      "सार्वजनिक विदा",
      "अन्तर्राष्ट्रिय महिला दिवस"
    ],
    "11-22": [
      "होली (पहाडी क्षेत्र)",
      "specific",
      "56 पहाडी जिल्लाहरूमा",
      "होली"
    ],
    "11-23": [
      "होली (तराई क्षेत्र)",
      "specific",
      "21 दक्षिणी जिल्लाहरूमा",
      "होली"
    ],
    "11-30": [
      "खखडेहरा पर्व",
      "specific",
      "सुदूरपश्चिम प्रदेशमा मात्रै",
      "खखडेहरा पर्व"
    ],
    "12-07": [
      "घोडे जात्रा",
      "specific",
      "काठमाडौं उपत्यकाको लागि मात्र",
      "घोडे जात्रा"
    ],
    "12-16": [
      "राम नवमी",
      "specific",
      "मधेस र कर्णाली प्रदेशमा मात्रै",
      "रामनवमी"
    ],
    "source": "http://rajpatra.dop.gov.np/welcome/book/?ref=24877"
  },
  "2080": {
    "mm-dd": [
      "cause",
      "type",
      "description",
      "cause_np"
    ],
    "01-01": [
      "नयाँ वर्ष 2080",
      "national",
      "सार्वजनिक विदा",
      "नयाँ वर्ष"
    ],
    "01-02*": [
      "सिरुवा पवानीको दिन",
      "specific",
      "झापा, मोरङ, सुनसरी, सिरहा र सप्तरी जिल्लाका लागि",
      "सिरुवा पवानीको दिन"
    ],
    "01-09": [
      "ईद-उल‍-फित्र",
      "national",
      "सार्वजनिक विदा",
      "ईद-उल‍-फित्र"
    ],
    "01-10": [
      "प्रतिनिधिसभा सदस्य उपनिर्वाचन",
      "specific",
      "विशिष्ट क्षेत्रमा मात्र (बारा–२, चितवन–२, तनहुँ–१)",
      "प्रतिनिधिसभा सदस्य उपनिर्वाचन"
    ],
    "01-16": [
      "जानकी नवमी",
      "specific",
      "मधेस प्रदेशमा मात्रै",
      "जानकी नवमी"
    ],
    "01-18": [
      "अन्तर्राष्ट्रिय श्रमिक दिवस",
      "national",
      "सार्वजनिक विदा",
      "अन्तर्राष्ट्रिय श्रमिक दिवस"
    ],
    "01-22": [
      " बुद्ध जयन्ती / उभौली पर्व / वैशाख पूर्णिमा",
      "national",
      "सार्वजनिक विदा",
      "२५६७ औं बुद्ध जयन्ती"
    ],
    "02-11": [
      "श्री रातो मच्छिन्द्रनाथ जाह्वाला (प्वाकलं, भोटो) जात्रा",
      "specific",
      "काठमाडौं उपत्यकाको लागि मात्र",
      "श्री रातो मच्छिन्द्रनाथ जाह्वाला (प्वाकलं, भोटो) जात्रा"
    ],
    "02-15": [
      "गणतन्त्र दिवस",
      "national",
      "सार्वजनिक विदा",
      "गणतन्त्र दिवस"
    ],
    "03-14": [
      "ईद-उल-अजहा (बकर ईद)",
      "national",
      "सार्वजनिक विदा",
      "ईद-उल-अजहा (बकर ईद)"
    ],
    "03-15": [
      "राष्ट्रिय धान दिवस",
      "specific",
      "कर्णाली प्रदेशमा (जुम्ला बाहेक) मात्र",
      "राष्ट्रिय धान दिवस"
    ],
    "03-29": [
      "भानु जयन्ती",
      "specific",
      "गण्डकी प्रदेशमा मात्रै",
      "भानु जयन्ती"
    ],
    "04-01": [
      "श्रावण सङ्क्रान्ति / देउडा पर्व",
      "specific",
      "कर्णाली प्रदेशमा मात्रै",
      "श्रावण सङ्क्रान्ति / देउडा पर्व"
    ],
    "04-24": [
      "अन्तर्राष्ट्रिय आदिवासी जनजाति दिवस",
      "specific",
      "कोशी प्रदेशमा मात्रै",
      "अन्तर्राष्ट्रिय आदिवासी जनजाति दिवस"
    ],
    "05-01": [
      "ओल्के संक्रान्ति",
      "specific",
      "सुदूरपश्चिम प्रदेशमा मात्रै",
      "ओल्के संक्रान्ति"
    ],
    "05-04": [
      "कर्णाली प्रदेश स्थापना तथा शहीद दिवस / नाग पञ्चमी",
      "specific",
      "कर्णाली प्रदेशमा मात्रै",
      "कर्णाली प्रदेश स्थापना तथा शहीद दिवस / नाग पञ्चमी"
    ],
    "05-07": [
      "गौरा पर्व",
      "specific",
      "विशेष समुदाय / क्षेत्र को लागी मात्र",
      "गौरा पर्व"
    ],
    "05-08": [
      "गौरा पर्व",
      "specific",
      "सुदूरपश्चिम प्रदेशमा मात्रै",
      "गौरा पर्व"
    ],
    "05-11": [
      "सुर्मा भवानी जात्रा",
      "specific",
      "हिमाल गाउँपालिकामा मात्र",
      "सुर्मा भवानी जात्रा"
    ],
    "05-12": [
      "सुर्मा भवानी जात्रा",
      "specific",
      "हिमाल गाउँपालिकामा मात्र",
      "सुर्मा भवानी जात्रा"
    ],
    "05-13": [
      "गुन्हि पुन्हि / सुर्मा भवानी जात्रा",
      "specific",
      "भक्तपुर नगरपालिकामा मात्र / हिमाल गाउँपालिकामा मात्र",
      "गुन्हि पुन्हि / सुर्मा भवानी जात्रा"
    ],
    "05-14": [
      "साः पारु",
      "national",
      "सार्वजनिक विदा",
      "सा पारु"
    ],
    "05-15": [
      "साः पारु",
      "specific",
      "काठमाडौं महानगरपालिकामा मात्रै",
      "सा पारु"
    ],
    "05-18": [
      "एसिया कप क्रिकेट",
      "specific",
      "वीरगन्ज महानगरपालिकामा (दिउँसो २ बजेपछि) मात्र",
      "एसिया कप क्रिकेट"
    ],
    "05-20": [
      "श्री कृष्ण जन्माष्टमी",
      "national",
      "सार्वजनिक विदा",
      "श्री कृष्ण जन्माष्टमी"
    ],
    "05-21": [
      "गौरा पर्व (धनगढी) / सांस्कृतिक रोपाई जात्रा (रेसुंगा) / भगवती जात्रा (पाल्पा)",
      "specific",
      "धनगढी उपमहानगरपालिकामा मात्रै",
      "गौरा पर्व (धनगढी) / सांस्कृतिक रोपाइँ जात्रा (रेसुङ्गा) / भगवती जात्रा (पाल्पा)"
    ],
    "05-22": [
      "का.म.न.पा. वडा १६ अध्यक्ष मुकुन्द रिजाल निधन शोक बिदा",
      "specific",
      "काठमाडौं महानगरपालिका कार्यालयमा मात्रै",
      "का.म.न.पा. वडा १६ अध्यक्ष मुकुन्द रिजाल निधन शोक बिदा"
    ],
    "05-26": [
      "कर्मचारी छत्रा कुमारी रावत न्यूरे निधन शोक बिदा",
      "specific",
      "घोडाघोडी नगरपालिका कार्यालयमा मात्र",
      "कर्मचारी छत्रा कुमारी रावत न्यूरे निधन शोक बिदा"
    ],
    "05-28": [
      "पूर्व सभामुख सुवास चन्द्र नेम्वाङ निधन शोक बिदा",
      "national",
      "सार्वजनिक विदा",
      "पूर्व सभामुख सुवास चन्द्र नेम्वाङ निधन शोक बिदा"
    ],
    "05-31": [
      "बडका अत्तवारी पर्व",
      "specific",
      "सुदूरपश्चिम प्रदेशमा मात्रै / लुम्बिनी प्रदेशमा मात्रै",
      "बडका अत्तवारी पर्व"
    ],
    "06-01": [
      "तीज",
      "specific",
      "महिलाहरु को लागी मात्र / लुम्बिनी प्रदेशमा मात्रै",
      "तीज"
    ],
    "06-03": [
      "संविधान दिवस",
      "national",
      "सार्वजनिक विदा",
      "संविधान दिवस"
    ],
    "06-04": [
      "थकान बिदा",
      "specific",
      "मण्डनदेउपुर नगरपालिका (काभ्रे) मा मात्र",
      "थकान बिदा"
    ],
    "06-07": [
      "बड्की आइतबार (थारू)",
      "specific",
      "तिलोत्तमा र ओमसतिया नगरपालिका (रुपन्देही) मा मात्र",
      "बड्की आइतबार (थारू)"
    ],
    "06-10": [
      "विश्व पर्यटन दिवस",
      "specific",
      "ठाकुरबाबा नगरपालिकामा मात्र",
      "विश्व पर्यटन दिवस"
    ],
    "06-11": [
      "येँया पुन्हि / पैगाम्बर मोहम्मद जन्म जयन्ती / अनन्त पर्व (कैलाली)",
      "specific",
      "काठमाडौं उपत्यकाको लागि मात्र / लुम्बिनी र मधेस / नेपालगन्ज उपमहानगरपालिकाका शैक्षिक संस्थाहरू मात्र / जोशीपुर (कैलाली) गाउँपालिकामा मात्र",
      "येँया पुन्हि / पैगाम्बर मोहम्मद जन्म जयन्ती / अनन्त पर्व (कैलाली)"
    ],
    "06-12": [
      "करम धर्म पर्व",
      "specific",
      "कोशी प्रदेशको उराब र झाङ्गर समुदायका लागि मात्र",
      "करम धर्म पर्व"
    ],
    "06-20": [
      "जितिया पर्व",
      "specific",
      "विशिष्ट समुदायका महिलाहरूको लागि मात्र",
      "जितिया पर्व"
    ],
    "06-23": [
      "इजरायल आक्रमणमा नेपाली विद्यार्थीको मृत्यु शोक बिदा",
      "specific",
      "सुदूरपश्चिम विश्वविद्यालयमा मात्र",
      "इजरायल आक्रमणमा नेपाली विद्यार्थीको मृत्यु शोक बिदा"
    ],
    "06-28": [
      "घटस्थापना",
      "national",
      "सार्वजनिक विदा",
      "घटस्थापना"
    ],
    "07-04": [
      "फूलपाती / दशैं २०८०",
      "national",
      "सार्वजनिक विदा",
      "फूलपाती"
    ],
    "07-05": [
      "कुछि भ्वय् / दशैं २०८०",
      "national",
      "सार्वजनिक विदा",
      "कुछि भ्वय्"
    ],
    "07-06": [
      "महा नवमी / दशैं २०८०",
      "national",
      "सार्वजनिक विदा",
      "महानवमी"
    ],
    "07-07": [
      "विजया दशमी / दशैं २०८०",
      "national",
      "सार्वजनिक विदा",
      "विजया दशमी"
    ],
    "07-08": [
      "दशैं २०८०",
      "national",
      "सार्वजनिक विदा",
      "दसैं बिदा"
    ],
    "07-09": [
      "दशैं २०८०",
      "national",
      "सार्वजनिक विदा",
      "दसैं बिदा"
    ],
    "07-19": [
      "जाजरकोट भूःकम्पमा ज्यान गुमाएकाप्रतिको शोक बिदा",
      "specific",
      "कर्णाली प्रदेशमा मात्रै",
      "जाजरकोट भूःकम्पमा ज्यान गुमाएकाप्रतिको शोक बिदा"
    ],
    "07-25": [
      "फालगुनन्द जयन्ती",
      "specific",
      "किरात को लागी मात्र",
      "फालगुनन्द जयन्ती"
    ],
    "07-26": [
      "लक्ष्मी पूजा / तिहार २०८०",
      "national",
      "सार्वजनिक विदा",
      "लक्ष्मी पूजा"
    ],
    "07-27": [
      "तिहार २०८०",
      "national",
      "सार्वजनिक विदा",
      "तिहार बिदा"
    ],
    "07-28": [
      "म्हः पूजा",
      "national",
      "सार्वजनिक विदा",
      "म्हः पूजा"
    ],
    "07-29": [
      "भाइ टिका / किजा पूजा",
      "national",
      "सार्वजनिक विदा",
      "किजा पूजा"
    ],
    "07-30": [
      "तिहार २०८०",
      "national",
      "सार्वजनिक विदा",
      "तिहार बिदा"
    ],
    "08-03": [
      "छठ पर्व",
      "national",
      "सार्वजनिक विदा",
      "छठ पर्व"
    ],
    "08-04": [
      "छठ पर्व",
      "specific",
      "(लुम्बिनी प्रदेश) र मधेस प्रदेश मात्र",
      "छठ पर्व"
    ],
    "08-10": [
      "देहीजात मेला",
      "specific",
      "दशरथचन्द र मेलौली नगरपालिकामा मात्र",
      "देहीजात मेला"
    ],
    "08-11": [
      "देहीजात मेला/वोडाङ्मेट/कार्तिक पूर्णिमा",
      "specific",
      "दशरथचन्द र मेलौली नगरपालिका / धनकुटा नगरपालिका / सबैला नगरपालिकामा मात्र",
      "देहीजात मेला / वडाङ्मेट / कार्तिक पूर्णिमा"
    ],
    "08-12": [
      "वडाङ्मेट",
      "specific",
      "धनकुटा नगरपालिकामा मात्रै",
      "वडाङ्मेट"
    ],
    "08-15": [
      "गुरु नानक जयन्ती",
      "specific",
      "नेपाली सिखहरूका लागि मात्र",
      "गुरु नानक जयन्ती"
    ],
    "08-17": [
      "अन्तर्राष्ट्रिय अपाङ्गता दिवस",
      "specific",
      "अपाङ्गता भएका कर्मचारीहरूको लागि मात्र",
      "अन्तर्राष्ट्रिय अपाङ्गता दिवस"
    ],
    "09-01": [
      "विवाह पञ्चमी",
      "specific",
      "मधेस प्रदेशमा मात्रै",
      "विवाह पञ्चमी"
    ],
    "09-09": [
      "क्रिसमस डे",
      "national",
      "सार्वजनिक विदा",
      "क्रिसमस डे"
    ],
    "09-10": [
      "योमरी पुन्ही/उधौली पर्व",
      "national",
      "सार्वजनिक विदा",
      "यः मरी पुन्हि"
    ],
    "09-15": [
      "तमु ल्होसार",
      "national",
      "सार्वजनिक विदा",
      "तमू ल्होसार"
    ],
    "09-26": [
      "भुवा पर्व",
      "specific",
      "सुदूरपश्चिम प्रदेशमा मात्रै",
      "भुवा पर्व"
    ],
    "09-27": [
      "पृथ्वी जयन्ती",
      "national",
      "सार्वजनिक विदा",
      "पृथ्वी जयन्ती"
    ],
    "10-01": [
      "माघे सङ्क्रान्ति",
      "national",
      "सार्वजनिक विदा",
      "माघे सङ्क्रान्ति"
    ],
    "10-05": [
      "बलिदानी दिवस",
      "specific",
      "मधेस प्रदेशमा मात्रै",
      "बलिदानी दिवस"
    ],
    "10-27": [
      "सोनम ल्होसार",
      "national",
      "सार्वजनिक विदा",
      "सोनम ल्होसार"
    ],
    "11-01": [
      "जनयुद्ध दिवस",
      "national",
      "सार्वजनिक विदा",
      "जनयुद्ध दिवस"
    ],
    "11-02": [
      "सरस्वती पूजा",
      "specific",
      "शैक्षिक संस्थाका लागि मात्र",
      "सरस्वती पूजा"
    ],
    "11-07": [
      "राष्ट्रिय प्रजातन्त्र दिवस",
      "national",
      "सार्वजनिक विदा",
      "राष्ट्रिय प्रजातन्त्र दिवस"
    ],
    "11-25": [
      "महा शिवरात्री / अन्तर्राष्ट्रिय महिला दिवस",
      "national",
      "सार्वजनिक विदा",
      "महा शिवरात्री"
    ],
    "11-28": [
      "ग्याल्पो ल्होसार",
      "national",
      "सार्वजनिक विदा",
      "ग्याल्पो ल्होसार"
    ],
    "12-09": [
      "",
      "extra1",
      "",
      ""
    ],
    "12-11": [
      "होली (पहाडी क्षेत्र)",
      "specific",
      "56 पहाडी जिल्लाहरूमा",
      "होली"
    ],
    "12-07": [
      "",
      "akada",
      "",
      ""
    ],
    "12-12": [
      "होली (तराई क्षेत्र)",
      "specific",
      "21 दक्षिणी जिल्लाहरूमा",
      "होली"
    ],
    "12-13": [
      "होली (मधेश प्रदेश)",
      "specific",
      "मधेस प्रदेशमा मात्रै",
      "होली"
    ],
    "12-19": [
      "खखडेहरा पर्व",
      "specific",
      "सुदूरपश्चिम प्रदेशमा मात्रै",
      "खखडेहरा पर्व"
    ],
    "12-21": [
      "राम नवमी",
      "specific",
      "मधेस प्रदेशमा मात्रै",
      "राम नवमी"
    ],
    "12-23": [
      "",
      "akada",
      "",
      ""
    ],
    "12-24": [
      "",
      "extra1",
      "",
      ""
    ],
    "12-26": [
      "घोडे जात्रा",
      "specific",
      "काठमाडौं उपत्यकाको लागि मात्र",
      "घोडे जात्रा"
    ],
    "source": "http://rajpatra.dop.gov.np/welcome/book/?ref=24877"
  },
  "2081": {
    "mm-dd": [
      "cause",
      "type",
      "description",
      "cause_np"
    ],
    "01-01": [
      "नयाँ वर्ष",
      "national",
      "सार्वजनिक विदा",
      "नयाँ वर्ष"
    ],
    "01-02*": [
      "सिरुवा पवानी",
      "specific",
      "झापा, मोरङ, सुनसरी, सिरहा र सप्तरी जिल्लाका लागि",
      "सिरुवा पवानी"
    ],
    "01-05": [
      "राम नवमी",
      "national",
      "सार्वजनिक विदा",
      "राम नवमी"
    ],
    "01-07": [
      "",
      "akada",
      "",
      ""
    ],
    "01-09": [
      "",
      "extra1",
      "",
      ""
    ],
    "01-11": [
      "",
      "extra",
      "",
      ""
    ],
    "01-19": [
      "अन्तर्राष्ट्रिय श्रमिक दिवस",
      "national",
      "सार्वजनिक विदा",
      "अन्तर्राष्ट्रिय श्रमिक दिवस"
    ],
    "01-22": [
      "",
      "akada",
      "",
      ""
    ],
    "01-23": [
      "",
      "extra1",
      "",
      ""
    ],
    "02-06": [
      "",
      "akada",
      "",
      ""
    ],
    "02-07": [
      "",
      "extra1",
      "",
      ""
    ],
    "02-10": [
      "२५६८ औं बुद्ध जयन्ती",
      "national",
      "सार्वजनिक विदा",
      "२५६८ औं बुद्ध जयन्ती"
    ],
    "02-15": [
      "गणतन्त्र दिवस",
      "national",
      "सार्वजनिक विदा",
      "गणतन्त्र दिवस"
    ],
    "02-20": [
      "",
      "akada",
      "",
      ""
    ],
    "02-22": [
      "",
      "extra1",
      "",
      ""
    ],
    "03-03": [
      "",
      "akada",
      "",
      ""
    ],
    "03-05": [
      "",
      "extra1",
      "",
      ""
    ],
    "03-10": [
      "",
      "extra",
      "",
      ""
    ],
    "03-11": [
      "",
      "extra",
      "",
      ""
    ],
    "03-18": [
      "",
      "akada",
      "",
      ""
    ],
    "03-19": [
      "",
      "extra1",
      "",
      ""
    ],
    "04-02": [
      "",
      "akada",
      "",
      ""
    ],
    "04-03": [
      "",
      "extra1",
      "",
      ""
    ],
    "04-16": [
      "",
      "akada",
      "",
      ""
    ],
    "04-17": [
      "",
      "extra1",
      "",
      ""
    ],
    "04-32": [
      "",
      "akada",
      "",
      ""
    ],
    "05-01": [
      "",
      "extra1",
      "",
      ""
    ],
    "05-03": [
      "रक्षाबन्धन",
      "national",
      "सार्वजनिक विदा",
      "रक्षाबन्धन"
    ],
    "05-04": [
      "सा पारु",
      "specific",
      "काठमाडौं उपत्यकामा मात्र / नेवार समुदायका लागि मात्र",
      "सा पारु"
    ],
    "05-10": [
      "श्री कृष्ण जन्माष्टमी",
      "national",
      "सार्वजनिक विदा",
      "श्री कृष्ण जन्माष्टमी"
    ],
    "05-13": [
      "",
      "akada",
      "",
      ""
    ],
    "05-15": [
      "",
      "extra1",
      "",
      ""
    ],
    "05-21": [
      "तीज",
      "specific",
      "महिलाहरु को लागी मात्र",
      "तीज"
    ],
    "05-29": [
      "",
      "akada",
      "",
      ""
    ],
    "05-30": [
      "",
      "extra1",
      "",
      ""
    ],
    "06-01": [
      "येँया पुन्हि",
      "specific",
      "काठमाडौं उपत्यकाको लागि मात्र",
      "येँया पुन्हि"
    ],
    "06-03": [
      "संविधान दिवस",
      "national",
      "सार्वजनिक विदा",
      "संविधान दिवस"
    ],
    "06-09": [
      "जितिया पर्व",
      "specific",
      "विशिष्ट समुदायका महिलाहरूको लागि मात्र",
      "जितिया पर्व"
    ],
    "06-10": [
      "",
      "extra",
      "",
      ""
    ],
    "06-12": [
      "",
      "akada",
      "",
      ""
    ],
    "06-14": [
      "",
      "extra1",
      "",
      ""
    ],
    "06-17": [
      "घटस्थापना",
      "national",
      "सार्वजनिक विदा",
      "घटस्थापना"
    ],
    "06-24": [
      "फूलपाती",
      "national",
      "सार्वजनिक विदा",
      "फूलपाती"
    ],
    "06-25": [
      "कुछि भ्वय्",
      "national",
      "सार्वजनिक विदा",
      "कुछि भ्वय्"
    ],
    "06-26": [
      "महानवमी",
      "national",
      "सार्वजनिक विदा",
      "महानवमी"
    ],
    "06-27": [
      "",
      "akada",
      "",
      ""
    ],
    "06-28": [
      "दसैं बिदा",
      "national",
      "सार्वजनिक विदा",
      "दसैं बिदा"
    ],
    "06-29": [
      "",
      "extra1",
      "",
      ""
    ],
    "07-12": [
      "",
      "akada",
      "",
      ""
    ],
    "07-15": [
      "लक्ष्मी पूजा",
      "national",
      "सार्वजनिक विदा",
      "लक्ष्मी पूजा"
    ],
    "07-16": [
      "तिहार बिदा",
      "national",
      "सार्वजनिक विदा",
      "तिहार बिदा"
    ],
    "07-17": [
      "म्हः पूजा",
      "national",
      "सार्वजनिक विदा",
      "म्हः पूजा"
    ],
    "07-18": [
      "किजा पूजा",
      "national",
      "सार्वजनिक विदा",
      "किजा पूजा"
    ],
    "07-19": [
      "तिहार बिदा",
      "national",
      "सार्वजनिक विदा",
      "तिहार बिदा"
    ],
    "07-22": [
      "छठ पर्व",
      "national",
      "सार्वजनिक विदा",
      "छठ पर्व"
    ],
    "07-25": [
      "फालगुनन्द जयन्ती",
      "specific",
      "किरात को लागी मात्र",
      "फालगुनन्द जयन्ती"
    ],
    "07-27": [
      "",
      "akada",
      "",
      ""
    ],
    "07-28": [
      "",
      "extra1",
      "",
      ""
    ],
    "08-12": [
      "",
      "akada",
      "",
      ""
    ],
    "08-13": [
      "",
      "extra1",
      "",
      ""
    ],
    "08-18": [
      "अन्तर्राष्ट्रिय अपाङ्गता दिवस",
      "specific",
      "अपाङ्गता भएका कर्मचारीहरूको लागि मात्र",
      "अन्तर्राष्ट्रिय अपाङ्गता दिवस"
    ],
    "08-26": [
      "",
      "akada",
      "",
      ""
    ],
    "08-28": [
      "",
      "extra1",
      "",
      ""
    ],
    "08-30": [
      "यः मरी पुन्हि / गुरु नानक जयन्ती",
      "national",
      "सार्वजनिक बिदा / नेपाली सिखहरूका लागि मात्र",
      "यः मरी पुन्हि / गुरु नानक जयन्ती"
    ],
    "09-10": [
      "क्रिसमस डे",
      "national",
      "सार्वजनिक विदा",
      "क्रिसमस डे"
    ],
    "09-11": [
      "",
      "akada",
      "",
      ""
    ],
    "09-13": [
      "",
      "extra1",
      "",
      ""
    ],
    "09-15": [
      "तमू ल्होसार",
      "national",
      "सार्वजनिक विदा",
      "तमू ल्होसार"
    ],
    "09-26": [
      "",
      "akada",
      "",
      ""
    ],
    "09-27": [
      "पृथ्वी जयन्ती",
      "national",
      "सार्वजनिक विदा",
      "पृथ्वी जयन्ती"
    ],
    "10-01": [
      "माघे सङ्क्रान्ति",
      "national",
      "सार्वजनिक विदा",
      "माघे सङ्क्रान्ति"
    ],
    "10-12": [
      "",
      "akada",
      "",
      ""
    ],
    "10-14": [
      "",
      "extra1",
      "",
      ""
    ],
    "10-16": [
      "सहिद दिवस",
      "national",
      "सार्वजनिक विदा",
      "सहिद दिवस"
    ],
    "10-17": [
      "सोनम ल्होसार",
      "national",
      "सार्वजनिक विदा",
      "सोनम ल्होसार"
    ],
    "10-21": [
      "सरस्वती पूजा / वसन्त पञ्चमी",
      "specific",
      "शैक्षिक संस्थाका लागि मात्र",
      "सरस्वती पूजा / वसन्त पञ्चमी"
    ],
    "10-26": [
      "",
      "akada",
      "",
      ""
    ],
    "10-28": [
      "",
      "extra1",
      "",
      ""
    ],
    "11-04": [
      "गण्डकी प्रदेश स्थापना दिवस",
      "specific",
      "गण्डकी प्रदेशमा मात्रै",
      "गण्डकी प्रदेश स्थापना दिवस"
    ],
    "11-07": [
      "राष्ट्रिय प्रजातन्त्र दिवस",
      "hajur-aama",
      "सार्वजनिक विदा",
      "राष्ट्रिय प्रजातन्त्र दिवस"
    ],
    "11-08": [
      "",
      "extra",
      "",
      ""
    ],
    "11-09": [
      "",
      "extra",
      "",
      ""
    ],
    "11-12": [
      "",
      "akada",
      "",
      ""
    ],
    "11-13": [
      "",
      "extra1",
      "",
      ""
    ],
    "11-14": [
      "महा शिवरात्री",
      "national",
      "सार्वजनिक विदा",
      "महा शिवरात्री"
    ],
    "11-16": [
      "ग्याल्पो ल्होसार",
      "national",
      "सार्वजनिक विदा",
      "ग्याल्पो ल्होसार"
    ],
    "11-22": [
      "",
      "extra",
      "",
      ""
    ],
    "11-23": [
      "",
      "extra",
      "",
      ""
    ],
    "11-24": [
      "अन्तर्राष्ट्रिय महिला दिवस",
      "national",
      "सार्वजनिक विदा",
      "अन्तर्राष्ट्रिय महिला दिवस"
    ],
    "11-26": [
      "",
      "akada",
      "",
      ""
    ],
    "11-27": [
      "",
      "extra1",
      "",
      ""
    ],
    "11-29": [
      "होली",
      "specific",
      "५६ पहाडी जिल्लामा",
      "होली"
    ],
    "12-01": [
      "होली",
      "specific",
      "21 दक्षिणी जिल्लाहरूमा",
      "होली"
    ],
    "12-12": [
      "",
      "akada",
      "",
      ""
    ],
    "12-14": [
      "",
      "extra1",
      "",
      ""
    ],
    "12-16": [
      "घोडे जात्रा",
      "specific",
      "काठमाडौं उपत्यकाको लागि मात्र",
      "घोडे जात्रा"
    ],
    "12-26": [
      "",
      "akada",
      "",
      ""
    ],
    "12-28": [
      "",
      "extra1",
      "",
      ""
    ],
    "mm1-dd1": [
      "श्री रातो मच्छिन्द्रनाथ जाह्वाला (प्वाकलं, भोटो) जात्रा",
      "specific",
      "काठमाडौं उपत्यकाको लागि मात्र",
      "श्री रातो मच्छिन्द्रनाथ जाह्वाला (प्वाकलं, भोटो) जात्रा"
    ],
    "mm2-dd2": [
      "मोहम्मद जन्म जयन्ती",
      "specific",
      "मुस्लिम समुदायको धर्मको लागि मात्र",
      "मोहम्मद जन्म जयन्ती"
    ],
    "mm3-dd3": [
      "ईद-उल‍-फित्र",
      "national",
      "सार्वजनिक विदा",
      "ईद-उल‍-फित्र"
    ],
    "mm4-dd4": [
      "ईद-उल-अजहा (बकर ईद)",
      "national",
      "सार्वजनिक विदा",
      "ईद-उल-अजहा (बकर ईद)"
    ],
    "source": "नेपाल राजपत्र भाग ५ संख्या ५४ खण्ड ७३ (२०८०/१०/२९)",
    "special_note": "माथिका बिदाहरूमध्ये राम नवमी, बुद्ध जयन्ती, रक्षाबन्धन, श्रीकृष्ण जन्माष्टमी, घटस्थापना, क्रिसमस डे, यः मरी पुन्हि, तमू ल्होसार, माघे सङ्क्रान्ति, सोनम ल्होसार, महा शिवरात्री, ग्याल्पो ल्होसार, ईद-उल‍-फित्र, ईद-उल-अजहा, सा पारु, येँया पुन्हि, श्री रातो मच्छिन्द्रनाथ भोटो जात्रा, घोडे जात्रा, गणतन्त्र दिवस, सहिद दिवस, राष्ट्रिय प्रजातन्त्र दिवस, अन्तर्राष्ट्रिय महिला दिवस, पृथ्वी जयन्तीका दिनमा नागरिकता, राष्ट्रिय परिचयपत्र तथा पञ्जिकरण, राहदानी, कन्सुलर, भन्सार तृा राजस्व (अनुसन्धान समेत), क्वारेन्टाइन, सवारी अनुमतिपत्र, नविकरण, प्रदुषण जाँच, उद्योग, वाणिज्य र कम्पनी, वैदेशिक रोजगार, मालपोत, नापी, भेटेरिनरी, खानेपानी, विद्युत, सडक, ढल, मर्मत, खाद्य तथा गुणस्तर, वैदेशिक अध्ययन अनुमति, नेपाल प्रहरी चारित्रिक प्रमाणपत्र, बैंक तथा वित्तीय संस्था, अस्पताल, दूरसञ्चार, शैक्षिक परीक्षा सेवाहरू नियमित सेवा प्रवाह हुने"
  },
  "compiled_by": "Brihat Ratna Bajracharya",
  "holiday_types": [
    "national",
    "specific"
  ],
  "start_year": 2076,
  "end_year": 2081,
  "description_types": [
    "For Disabled Employees Only",
    "For Educational Institution Only",
    "For Females of Particular Religion Only",
    "For Females of Specific Community Only",
    "For Jhapa, Morang, Sunsari, Siraha and Saptari District",
    "For Kathmandu Valley Only",
    "For Kathmandu Valley or Particular Community Only",
    "For Kirat Only",
    "For Kirat Only and/or Province 1 Only",
    "For Ladies of Particular Religion Only",
    "For Ladies Only",
    "For Nepalese Sikhs Only",
    "For Nepalese Sikhs Only and In Dharan Municipality Offices Only",
    "For Newar Community Only",
    "For Newar Community Only or In Kathmandu Valley Only",
    "For Particular Community Only",
    "For Particular Community / Region Only",
    "For Particular Religion Only",
    "In 21 Southern Districts",
    "In 56 Hilly Districts",
    "In Bhaktapur Municipality Only",
    "In Gandaki Province Only",
    "In Kathmandu Metropolitan City Only",
    "In Koshi Province Only",
    "In Lumbini Province Only",
    "In Madhesh Province Only",
    "In Province 1 and Madesh Province Only",
    "In Province 1 Only",
    "In Specific Province Only",
    "In specific areas only (Bara-2, Chitwan-2, Tanahu-1)",
    "Public Holiday"
  ]
}
