{
  "author": "Bhupendra Dahal",
  "data": {
    "mm-dd": "event",
    "01-01": [
      "",
      "नयाँ बर्ष"
    ],
    "01-04": [
      "",
      "विश्व ब्रेल दिवस"
    ],
    "01-07": [
      "",
      "अन्तर्राष्ट्रिय प्रोगामर दिवस"
    ],
    "01-24": [
      "",
      "अन्तर्राष्ट्रिय शिक्षा दिवस"
    ],
    "01-26": [
      "",
      "अन्तर्राष्ट्रिय भन्सार दिवस"
    ],
    "02-02": [
      "",
      "विश्व सिमसार दिवस"
    ],
    "02-04": [
      "",
      "विश्व अर्बुद रोग (क्यान्सर) दिवस / अन्तर्राष्ट्रिय मानव भ्रातृत्व दिवस"
    ],
    "02-09": [
      "",
      "सुरक्षित इन्टरनेट दिवस"
    ],
    "02-10": [
      "",
      "विश्व दाल दिवस"
    ],
    "02-11": [
      "",
      "विज्ञानमा महिला पहुँचको अन्तर्राष्ट्रिय दिवस"
    ],
    "02-13": [
      "",
      "विश्व रेडियो दिवस / अन्तर्राष्ट्रिय कण्डम दिवस"
    ],
    "02-14": [
      "",
      "प्रणय दिवस (भ्यालेन्टाइन डे)"
    ],
    "02-20": [
      "",
      "विश्व सामाजिक न्याय दिवस"
    ],
    "02-21": [
      "",
      "अन्तर्राष्ट्रिय मातृभाषा दिवस"
    ],
    "02-22": [
      "",
      "डिजिटल लर्निङ्ग डे"
    ],
    "02-27": [
      "",
      "विश्व ध्रुवीय भालु दिवस / विश्व गैरसरकारी संस्था दिवस"
    ],
    "03-01": [
      "",
      "शून्य भेदभाव दिवस"
    ],
    "03-03": [
      "",
      "विश्व वन्यजन्तु दिवस"
    ],
    "03-08": [
      "",
      "अन्तर्राष्ट्रिय नारी दिवस"
    ],
    "03-10": [
      "",
      "अन्तर्राष्ट्रिय महिला न्यायाधीश दिवस"
    ],
    "03-14": [
      "",
      "पाई दिवस / अन्तर्राष्ट्रिय गणित दिवस"
    ],
    "03-15": [
      "",
      "विश्व उपभोक्ता अधिकार दिवस / विश्व भाषण दिवस"
    ],
    "03-20": [
      "",
      "अन्तर्राष्ट्रिय खुशी दिवस"
    ],
    "03-21": [
      "",
      "अन्तर्राष्ट्रि्य जातीय उत्पीडन विरुद्धको दिवस / विश्व कविता दिवस"
    ],
    "03-22": [
      "",
      "विश्व जल दिवस"
    ],
    "03-23": [
      "",
      "विश्व मौसम विज्ञान दिवस"
    ],
    "03-24": [
      "",
      "विश्व क्षयरोग दिवस"
    ],
    "03-27": [
      "",
      "विश्व रङ्गमञ्च दिवस"
    ],
    "03-28": [
      "",
      "विश्वव्यापी स्वीकृति दिवस"
    ],
    "03-31": [
      "",
      "पारलैङ्गिक दृश्यताको अन्तर्राष्ट्रिय दिवस"
    ],
    "04-01": [
      "April Fool",
      "विश्व मूर्ख दिवस"
    ],
    "04-02": [
      "",
      "विश्व अटिज्म जागरूकता दिवस"
    ],
    "04-05": [
      "",
      "अन्तर्राष्ट्रिय चेतना दिवस"
    ],
    "04-06": [
      "",
      "अन्तर्राष्ट्रिय विकास र शान्तिको लागि खेलकुद दिवस"
    ],
    "04-07": [
      "",
      "विश्व स्वास्थ्य दिवस"
    ],
    "04-12": [
      "",
      "अन्तर्राष्ट्रिय मानव अन्तरिक्ष विमान दिवस / विश्व ज्योतिष महासंघ स्थापना दिवस"
    ],
    "04-18": [
      "",
      "विश्व सम्पदा दिवस"
    ],
    "04-22": [
      "",
      "विश्व पृथ्वी दिवस"
    ],
    "04-23": [
      "",
      "अन्तर्राष्ट्रिय पुस्तक दिवस / प्रतिलिपि अधिकार दिवस"
    ],
    "04-25": [
      "",
      "विश्व औंलो दिवस / विश्व पेन्गुइन दिवस"
    ],
    "04-26": [
      "",
      "विश्व बौद्धिक सम्पत्ति दिवस / विश्व पाइलट दिवस"
    ],
    "04-28": [
      "",
      "काममा सुरक्षा र स्वास्थ्यको लागि विश्व दिवस"
    ],
    "04-29": [
      "",
      "विश्व नृत्य दिवस"
    ],
    "04-30": [
      "",
      "अन्तर्राष्ट्रिय ज्याज दिवस"
    ],
    "05-01": [
      "",
      "अन्तर्राष्ट्रिय श्रमिक दिवस"
    ],
    "05-02": [
      "",
      "राष्ट्रिय सूचना तथा सञ्चार प्रविधि दिवस"
    ],
    "05-03": [
      "",
      "विश्व प्रेस स्वतन्त्रता दिवस / विश्व सूर्य दिवस"
    ],
    "05-04": [
      "",
      "स्टार वार्स डे"
    ],
    "05-07": [
      "",
      "विश्व एथलेटिक्स दिवस"
    ],
    "05-08": [
      "",
      "विश्व रेडक्रस दिवस"
    ],
    "05-09": [
      "",
      "युरोप दिवस"
    ],
    "05-12": [
      "",
      "विश्व नर्स दिवस"
    ],
    "05-15": [
      "",
      "अन्तर्राष्ट्रिय परिवार दिवस"
    ],
    "05-17": [
      "",
      "विश्व दूरसञ्चार दिवस / विश्व उच्च रक्तचाप दिवस"
    ],
    "05-20": [
      "",
      "विश्व मौरी दिवस"
    ],
    "05-21": [
      "",
      "अन्तर्राष्ट्रिय चिया दिवस"
    ],
    "05-22": [
      "",
      "अन्तर्राष्ट्रिय जैविक विविधता दिवस"
    ],
    "05-29": [
      "",
      "विश्व सगरमाथा दिवस"
    ],
    "05-31": [
      "",
      "विश्व सुर्तीजन्य पदार्थ विरुद्धको दिवस"
    ],
    "06-03": [
      "",
      "विश्व साइकल दिवस"
    ],
    "06-04": [
      "",
      "निर्दोष बालबालिका माथि अत्याचार विरुद्धको दिवस"
    ],
    "06-05": [
      "",
      "विश्व वातावरण दिवस"
    ],
    "06-08": [
      "",
      "विश्व महासागर दिवस"
    ],
    "06-12": [
      "",
      "विश्व बालश्रम विरुद्ध दिवस"
    ],
    "06-14": [
      "",
      "विश्व रक्तदाता दिवस"
    ],
    "06-15": [
      "",
      "विश्व अग्रज दुर्व्यवहार जागरुकता दिवस"
    ],
    "06-17": [
      "",
      "विश्व खडेरी विरुद्ध संघर्ष दिवस"
    ],
    "06-19": [
      "",
      "द्वन्द्वमा यौन हिंसा उन्मूलनको लागि अन्तर्राष्ट्रिय दिवस"
    ],
    "06-20": [
      "",
      "विश्व शरणार्थी दिवस"
    ],
    "06-21": [
      "",
      "विश्व योग दिवस / विश्व संगीत दिवस"
    ],
    "06-23": [
      "",
      "विश्व ओलम्पिक्स दिवस / अन्तर्राष्ट्रिय एकल महिला दिवस"
    ],
    "06-26": [
      "",
      "अन्तर्राष्ट्रिय लागू पदार्थ तथा अवैध तस्करी विरुद्ध दिवस"
    ],
    "06-29": [
      "",
      "उष्ण कटिबन्धीय अन्तर्राष्ट्रिय दिवस"
    ],
    "06-30": [
      "",
      "अन्तर्राष्ट्रिय क्षुद्रग्रह दिवस / अन्तर्राष्ट्रिय संसद दिवस"
    ],
    "07-02": [
      "",
      "विश्व खेलकुद पत्रकार दिवस"
    ],
    "07-03": [
      "",
      "अन्तर्राष्ट्रिय सहकारी दिवस"
    ],
    "07-11": [
      "",
      "विश्व जनसंख्या दिवस"
    ],
    "07-15": [
      "",
      "विश्व युवा दक्षता दिवस"
    ],
    "07-17": [
      "",
      "विश्व इमोजी दिवस"
    ],
    "07-20": [
      "",
      "विश्व चेस दिवस / अन्तर्राष्ट्रिय चन्द्रमा दिवस"
    ],
    "07-28": [
      "",
      "विश्व हेपाटाइटिस दिवस"
    ],
    "07-29": [
      "",
      "विश्व बाघ दिवस"
    ],
    "07-30": [
      "",
      "अन्तर्राष्ट्रिय मित्रता दिवस / अन्तर्राष्ट्रिय मानव बेचबिखन विरुद्ध दिवस"
    ],
    "08-01": [
      "",
      "विश्व स्तनपान सप्ताह प्रारम्भ"
    ],
    "08-06": [
      "",
      "हिरोसिमा दिवस"
    ],
    "08-08": [
      "",
      "विश्व भू संरक्षण दिवस"
    ],
    "08-09": [
      "",
      "अन्तर्राष्ट्रिय आदिवासी जनजाति दिवस / नागासाकी दिवस"
    ],
    "08-10": [
      "",
      "विश्व सिंह दिवस"
    ],
    "08-12": [
      "",
      "अन्तर्राष्ट्रिय युवा दिवस / विश्व हात्ती दिवस"
    ],
    "08-13": [
      "",
      "अन्तर्राष्ट्रिय बाँया हाते दिवस"
    ],
    "08-14": [
      "",
      "विश्व छेपारो दिवस"
    ],
    "08-19": [
      "",
      "विश्व फोटोग्राफी दिवस / विश्व मानवीय दिवस"
    ],
    "08-29": [
      "",
      "विश्व आणविक परिक्षण विरुद्धको दिवस"
    ],
    "08-30": [
      "",
      "विश्व बेपत्ता विरुद्धको दिवस"
    ],
    "09-08": [
      "",
      "अन्तर्राष्ट्रिय साक्षरता दिवस / विश्व फिजियोथेरापी दिवस"
    ],
    "09-10": [
      "",
      "विश्व आत्महत्या रोकथाम दिवस"
    ],
    "09-13": [
      "Programmers' Day",
      "प्रोग्रामर दिवस"
    ],
    "09-14": [
      "",
      "ओपेक स्थापना दिवस"
    ],
    "09-15": [
      "",
      "अन्तर्राष्ट्रिय प्रजातन्त्र दिवस"
    ],
    "09-16": [
      "",
      "विश्व ओजोन तह बचाउ दिवस"
    ],
    "09-21": [
      "",
      "विश्व शान्ति दिवस / विश्व अल्जाइमर्स दिवस"
    ],
    "09-26": [
      "",
      "अन्तराष्ट्रिय परमाणु हतियार निर्मुल दिवस"
    ],
    "09-27": [
      "",
      "विश्व पर्यटन दिवस / गुगल बार्षिकोत्सव"
    ],
    "09-28": [
      "",
      "विश्व रेबिज विरुद्ध दिवस / विश्व समाचार दिवस / अन्तर्राष्ट्रिय सूचनामा विश्वव्यापी पहुँचको दिवस"
    ],
    "09-29": [
      "",
      "विश्व मुटु दिवस"
    ],
    "09-30": [
      "World Maritime Day",
      "विश्व समुद्री दिवस"
    ],
    "10-01": [
      "",
      "अन्तर्राष्ट्रिय ज्येष्ठ नागरिक दिवस / विश्व मुस्कान दिवस / विश्व शाकाहारी दिवस"
    ],
    "10-02": [
      "",
      "विश्व अहिंसा दिवस"
    ],
    "10-04": [
      "",
      "विश्व पशु दिवस"
    ],
    "10-05": [
      "",
      "विश्व शिक्षक दिवस"
    ],
    "10-08": [
      "",
      "अन्तर्राष्ट्रिय अफ-रोड दिवस"
    ],
    "10-09": [
      "",
      "विश्व हुलाक दिवस"
    ],
    "10-10": [
      "",
      "विश्व मानसिक स्वास्थ्य दिवस"
    ],
    "10-11": [
      "",
      "अन्तर्राष्ट्रिय बालिका दिवस"
    ],
    "10-13": [
      "",
      "विश्व प्राकृतिक प्रकोप नियन्त्रण दिवस"
    ],
    "10-14": [
      "",
      "विश्व गुणस्तर दिवस / विश्व दृष्टि दिवस"
    ],
    "10-15": [
      "",
      "अन्तर्राष्ट्रिय ग्रामीण महिला दिवस / विश्व हातधुने दिवस / विश्व सेतो छडी दिवस"
    ],
    "10-16": [
      "",
      "विश्व खाद्य दिवस"
    ],
    "10-17": [
      "",
      "अन्तर्राष्ट्रिय गरिबी निवारण दिवस"
    ],
    "10-20": [
      "",
      "नेपाल सम्वत न्हिल्याः न्हूदँ"
    ],
    "10-22": [
      "",
      "अन्तर्राष्ट्रिय भकभके बोलिसम्बन्धी जनचेतना दिवस"
    ],
    "10-24": [
      "",
      "संयुक्त राष्ट्रसंघ दिवस / विश्व विकास सूचना दिवस"
    ],
    "10-31": [
      "",
      "विश्व शहरीकरण दिवस / हेलोवीन"
    ],
    "11-01": [
      "",
      "हेलोवीन"
    ],
    "11-08": [
      "",
      "विश्व रेडियोग्राफी दिवस / विश्व शहरी योजना दिवस"
    ],
    "11-09": [
      "",
      "विश्व स्वतन्त्रता दिवस"
    ],
    "11-10": [
      "",
      "शान्ति र विकाशका लागी विश्व विज्ञान दिवस"
    ],
    "11-12": [
      "",
      "विश्व निमोनिया दिवस"
    ],
    "11-13": [
      "",
      "विश्व दया दिवस"
    ],
    "11-14": [
      "",
      "विश्व मधुमेह दिवस"
    ],
    "11-16": [
      "",
      "अन्तर्राष्ट्रिय सहनशीलता दिवस"
    ],
    "11-17": [
      "",
      "अन्तर्राष्ट्रिय विद्यार्थी दिवस"
    ],
    "11-18": [
      "",
      "विश्व दर्शन दिवस"
    ],
    "11-19": [
      "",
      "विश्व शौचालय दिवस"
    ],
    "11-20": [
      "",
      "अन्तर्राष्ट्रिय बाल दिवस"
    ],
    "11-21": [
      "",
      "विश्व टेलिभिजन दिवस"
    ],
    "11-25": [
      "",
      "अन्तर्राष्ट्रिय महिला हिंसा अन्त्य दिवस"
    ],
    "12-01": [
      "",
      "विश्व एड्स दिवस"
    ],
    "12-02": [
      "",
      "अन्तर्राष्ट्रिय दासता उन्मूलन दिवस"
    ],
    "12-03": [
      "",
      "अन्तर्राष्ट्रिय अपाङ्ग दिवस"
    ],
    "12-04": [
      "",
      "अन्तर्राष्ट्रिय बैंक दिवस"
    ],
    "12-05": [
      "",
      "अन्तर्राष्ट्रिय स्वयंसेवक दिवस / विश्व माटो दिवस"
    ],
    "12-07": [
      "",
      "अन्तर्राष्ट्रिय नागरिक उड्डयन दिवस"
    ],
    "12-09": [
      "",
      "अन्तर्राष्ट्रिय भ्रष्टाचार विरुद्ध दिवस"
    ],
    "12-10": [
      "",
      "अन्तर्राष्ट्रिय मानव अधिकार दिवस"
    ],
    "12-11": [
      "",
      "अन्तर्राष्ट्रिय पर्वत दिवस"
    ],
    "12-12": [
      "",
      "अन्तर्राष्ट्रिय तटस्थ दिवस"
    ],
    "12-16": [
      "",
      "नेपालको राष्ट्रिय झण्डा दिवस"
    ],
    "12-18": [
      "",
      "अन्तर्राष्ट्रिय आप्रवासी दिवस"
    ],
    "12-25": [
      "",
      "क्रिसमस-डे"
    ]
  }
}