{ "2079": { "bratabandha": [ [ 23, 28 ], [ 19, 27 ], [ 2, 17 ], [], [], [], [], [], [], [ 12, 27 ], [ 18, 25 ], [ 9 ] ], "bibaha": [ [ 2, 4, 6, 7, 8, 9, 10, 14, 19, 20, 21, 26, 27, 28, 29, 30, 31 ], [ 2, 3, 5, 6, 12, 17, 22, 23, 25, 28, 31 ], [ 7, 19, 21, 22, 24 ], [], [], [], [], [ 11, 12, 16, 17, 22, 23, 27, 28 ], [], [ 11, 12, 13, 18, 25, 26, 27 ], [ 2, 4, 10, 21, 22, 23, 24, 25, 29 ], [] ] }, "2080": { "bratabandha": [ [ 24 ], [ 8, 10, 22, 25 ], [ 4 ], [], [], [], [], [], [], [], [], [ 7, 8, 14 ] ], "bibaha": [ [ 19, 20, 27, 28 ], [ 2, 6, 7, 15, 16, 20, 22, 24, 29 ], [ 7, 8, 11 ], [], [], [], [], [ 12, 13, 18, 21, 23, 28, 29, 30 ], [], [ 2, 16, 17, 21, 23, 29 ], [ 19, 21, 22, 23, 24 ], [] ] }, "2081": { "bratabandha": [ [ 6 ], [], [], [], [], [], [], [], [], [ 2, 3, 18, 25 ], [ 2, 26 ], [ 3, 18, 25 ] ], "bibaha": [ [ 6, 7 ], [], [ 27, 28, 30, 31 ], [], [], [], [], [ 8 ], [], [ 4, 25 ], [ 1, 6, 8, 9, 13, 22, 23, 28 ], [] ] }, "compiled_by": "Brihat Ratna Bajracharya", "start_year": 2079, "end_year": 2081 }
