{
  "author": "Bhupendra Dahal",
  "data": {
    "mm-dd": "event",
    "01-01": [
      "",
      "नयाँ बर्ष / व्यक्तिगत घटना दर्ता दिवस"
    ],
    "01-08": [
      "",
      "छन्द दिवस"
    ],
    "01-11": [
      "",
      "लोकतन्त्र दिवस"
    ],
    "01-12": [
      "",
      "वि. सं. २०७२ सालको महाभुकम्पको सम्झना"
    ],
    "01-14": [
      "",
      "नेपाल राष्ट्र बैंक स्थापना दिवस"
    ],
    "01-15": [
      "",
      "राष्ट्रिय चिया दिवस"
    ],
    "01-24": [
      "",
      "राष्ट्रिय पत्रकारीता दिवस"
    ],
    "01-26": [
      "",
      "कानुन दिवस"
    ],
    "02-03": [
      "",
      "मदन–आश्रित स्मृति दिवस"
    ],
    "02-07": [
      "",
      "विद्यालय  गणना दिवस"
    ],
    "02-09": [
      "",
      "राष्ट्रिय उर्जा दिवस / युग कवि सिद्धिचरण श्रेष्ठ जन्म जयन्ती"
    ],
    "02-10": [
      "",
      "नेपाल परराष्ट्र सेवा दिवस"
    ],
    "02-15": [
      "National Republic Day",
      "गणतन्त्र दिवस"
    ],
    "02-21": [
      "",
      "जातीय भेदभाव तथा छुवाछूत उन्मुलन राष्ट्रिय दिवस"
    ],
    "03-01": [
      "",
      "लोक सेवा आयोगको बार्षिकोत्सव"
    ],
    "03-08": [
      "",
      "राष्ट्रिय जनगणना दिवस"
    ],
    "03-12": [
      "",
      "त्रिभुवन विश्वविद्यालय स्थापना दिवस (बार्षिकोत्सव)"
    ],
    "03-15": [
      "आशार १५  दहि चिउरा  खाने दिन",
      "राष्ट्रिय धान दिवस"
    ],
    "03-16": [
      "",
      "संसद दिवस"
    ],
    "03-29": [
      "",
      "भानु जयन्ती"
    ],
    "04-02": [
      "",
      "मुक्त कमैया दिवस"
    ],
    "04-03": [
      "",
      "राष्ट्रिय ईन्जिनियर दिवस"
    ],
    "04-04": [
      "",
      "राष्ट्रिय डिजिटल स्वास्थ्य दिवस"
    ],
    "04-06": [
      "",
      "बी.पी. स्मृति दिवस"
    ],
    "04-07": [
      "",
      "पुष्पलाल स्मृति दिवस"
    ],
    "04-15": [
      "",
      "खिर खाने दिन"
    ],
    "04-17": [
      "",
      "भीमदत्त पन्त स्मृति दिवस"
    ],
    "04-24": [
      "",
      "राष्ट्रिय भू-संरक्षण दिवस"
    ],
    "04-25": [
      "",
      "सामुदायिक वन दिवस"
    ],
    "04-29": [
      "",
      "कल्की जयन्ती"
    ],
    "04-30": [
      "",
      "मरिचमान सिंह स्मृति दिवस"
    ],
    "05-01": [
      "",
      "मुलुकी ऐन दिवस / नेपाल विद्युत प्राधिकरणको वार्षिकोत्सव"
    ],
    "05-03": [
      "",
      "राष्ट्रिय सूचना दिवस"
    ],
    "05-09": [
      "",
      "राष्ट्रिय धर्मसभा दिवस"
    ],
    "05-15": [
      "",
      "राष्ट्रिय पुस्तकालय दिवस"
    ],
    "05-20": [
      "",
      "मानव बेचबिखन विरुद्धको राष्ट्रिय दिवस"
    ],
    "05-21": [
      "",
      "हलिया मुक्ति दिवस"
    ],
    "05-22": [
      "",
      "निजामती सेवा दिवस"
    ],
    "05-29": [
      "",
      "राष्ट्रिय बाल दिवस"
    ],
    "05-31": [
      "",
      "कर्मचारी सञ्चय कोषको बार्षिकोत्सव"
    ],
    "06-01": [
      "",
      "राष्ट्रिय विज्ञान दिवस / राष्ट्रिय चलचित्र दिवस / वास्तु दिवस / विश्वकर्मा पूजा"
    ],
    "06-02": [
      "",
      "राष्ट्रिय शिक्षा दिवस / राष्ट्रिय परिवार योजना दिवस"
    ],
    "06-03": [
      "",
      "संविधान दिवस (राष्ट्रिय दिवस)"
    ],
    "06-06": [
      "",
      "सामाजिक सेवा दिवस"
    ],
    "06-07": [
      "",
      "राष्ट्रिय संरक्षण दिवस"
    ],
    "08-01": [
      "",
      "राष्ट्रिय कर दिवस / राष्ट्रिय कफी दिवस"
    ],
    "08-09": [
      "",
      "उद्योग दिवस"
    ],
    "08-11": [
      "",
      "सामाजिक सुरक्षा दिवस"
    ],
    "08-13": [
      "",
      "राष्ट्रिय क्षयरोग दिवस"
    ],
    "09-16": [
      "",
      "राष्ट्रिय एकता तथा मेलमिलाप दिवस"
    ],
    "09-17": [
      "",
      "राष्ट्रिय टोपी दिवस / राष्ट्रिय पोसाक दिवस"
    ],
    "09-22": [
      "",
      "निर्यात दिवस"
    ],
    "09-24": [
      "",
      "नेपाल ज्योतिष परिषद स्थापना दिवस"
    ],
    "09-27": [
      "",
      "पृथ्वी जयन्ती / राष्ट्रिय एकता दिवस"
    ],
    "10-01": [
      "",
      "राष्ट्रिय योग दिवस"
    ],
    "10-02": [
      "",
      "राष्ट्रिय भुकम्प सुरक्षा दिवस"
    ],
    "10-09": [
      "",
      "सशस्त्र प्रहरी दिवस"
    ],
    "10-15": [
      "",
      "नेपाल नर्सिङ्ग दिवस"
    ],
    "10-16": [
      "",
      "शहीद दिवस"
    ],
    "10-28": [
      "",
      "अख्तियार दुरूपयोग अनुसन्धान आयोग स्थापना दिवस"
    ],
    "11-03": [
      "",
      "लुम्बिनी प्रदेश स्थापना दिवस"
    ],
    "11-04": [
      "",
      "गण्डकी प्रदेश स्थापना दिवस"
    ],
    "11-07": [
      "",
      "प्रजातन्त्र दिवस / निर्वाचन दिवस"
    ],
    "11-15": [
      "",
      "राष्ट्रिय मगर दिवस"
    ],
    "12-03": [
      "",
      "राष्टिय लेखक दिवस"
    ],
    "12-13": [
      "",
      "राष्ट्रिय मह दिवस"
    ],
    "12-19": [
      "Story Day",
      "कथा दिवस"
    ],
    "12-20": [
      "",
      "राष्ट्रिय सहकारी दिवस / रेडियो नेपालको वार्षिकोत्सव"
    ],
    "12-25": [
      "",
      "सिंचाई दिवस"
    ],
    "12-26": [
      "",
      "विद्युतीय सुरक्षा दिवस"
    ],
    "12-29": [
      "",
      "वनस्पति दिवस"
    ]
  }
}