{
   "author": "Bhupendra dahal(shrayesh-calendar)",
   "data": {
      "2024": {
         "mm-dd": [
            "event_EN",
            "event_NP"
         ],
         "03-09": [
            "तिथि:  चतुर्दशी 18:32:58, उपरान्त: औंसी",
            "राहु काल 04:41 PM to 06:10 PM"
         ],
         "03-10": [
            "तिथि:  औंसी 14:47:13, उपरान्त: प्रतिपदा",
            "राहु काल 04:41 PM to 06:10 PM"
         ],
         "03-11": [
            "तिथि:  प्रतिपदा 11:3:27, उपरान्त: द्वितीया",
            "राहु काल 07:47 AM to 09:16 AM"
         ],
         "03-12": [
            "तिथि:  द्वितीया 7:30:54, उपरान्त: तृतीया",
            "राहु काल 03:12 PM to 04:41 PM"
         ],
         "03-13": [
            "तिथि: चतुर्थी 25:45:39, उपरान्त: पञ्चमी",
            "राहु काल 12:13 PM to 01:43 PM"
         ],
         "03-14": [
            "तिथि: पञ्चमी 23:47:19, उपरान्त: षष्ठी",
            "राहु काल 01:43 PM to 03:12 PM"
         ],
         "03-15": [
            "तिथि: षष्ठी 22:31:20, उपरान्त: सप्तमी",
            "राहु काल 10:43 AM to 12:13 PM"
         ],
         "03-16": [
            "तिथि:  सप्तमी 22:0:18, उपरान्त: अष्टमी",
            "राहु काल 09:12 AM to 10:42 AM"
         ],
         "03-17": [
            "तिथि: अष्टमी 22:14:0, उपरान्त: नवमी",
            "राहु काल 04:43 PM to 06:13 PM"
         ],
         "03-18": [
            "तिथि:  नवमी 23:9:20, उपरान्त: दशमी",
            "राहु काल 07:40 AM to 09:11 AM"
         ],
         "03-19": [
            "तिथि:  दशमी 24:40:41, उपरान्त: एकादशी",
            "राहु काल 03:13 PM to 04:44 PM"
         ],
         "03-20": [
            "तिथि:  एकादशी 26:40:40, उपरान्त: द्वादशी",
            "राहु काल 12:11 PM to 01:42 PM"
         ],
         "03-21": [
            "तिथि:  द्वादशी 29:1:10, उपरान्त: त्रयोदशी",
            "राहु काल 01:42 PM to 03:13 PM"
         ],
         "03-22": [
            "तिथि:  त्रयोदशी 31:34:2 (Full Night)",
            "राहु काल 10:39 AM to 12:11 PM"
         ],
         "03-23": [
            "तिथि:  त्रयोदशी 7:34:20, उपरान्त: चतुर्दशी",
            "राहु काल 09:07 AM to 10:39 AM"
         ],
         "03-24": [
            "तिथि:  चतुर्दशी 10:11:29, उपरान्त: पूर्णिमा",
            "राहु काल 04:45 PM to 06:17 PM"
         ],
         "03-25": [
            "तिथि:  पूर्णिमा 12:45:39, उपरान्त: प्रतिपदा",
            "राहु काल 07:34 AM to 09:06 AM"
         ],
         "03-26": [
            "तिथि:  प्रतिपदा 15:10:42, उपरान्त: द्वितीया",
            "राहु काल 03:14 PM to 04:46 PM"
         ],
         "03-27": [
            "तिथि:  द्वितीया 17:20:53, उपरान्त: तृतीया",
            "राहु काल 12:09 PM to 01:42 PM"
         ],
         "03-28": [
            "तिथि:  तृतीया 19:10:34, उपरान्त: चतुर्थी",
            "राहु काल 01:41 PM to 03:14 PM"
         ],
         "03-29": [
            "तिथि:  चतुर्थी 20:34:13, उपरान्त: पञ्चमी",
            "राहु काल 10:36 AM to 12:09 PM"
         ],
         "03-30": [
            "तिथि:  पञ्चमी 21:26:38, उपरान्त: षष्ठी",
            "राहु काल 09:02 AM to 10:35 AM"
         ],
         "03-31": [
            "तिथि:  षष्ठी 21:43:26, उपरान्त: सप्तमी",
            "राहु काल 04:48 PM to 06:21 PM"
         ],
         "04-01": [
            "तिथि:  सप्तमी 21:21:39, उपरान्त: अष्टमी",
            "राहु काल 07:27 AM to 09:01 AM"
         ],
         "04-02": [
            "तिथि:  अष्टमी 20:20:18, उपरान्त: नवमी",
            "राहु काल 03:15 PM to 04:48 PM"
         ],
         "04-03": [
            "तिथि:  नवमी 18:40:38, उपरान्त: दशमी",
            "राहु काल 12:07 PM to 01:41 PM"
         ],
         "04-04": [
            "तिथि:  दशमी 16:26:8, उपरान्त: एकादशी",
            "राहु काल 01:41 PM to 03:15 PM"
         ],
         "04-05": [
            "तिथि:  एकादशी 13:41:56, उपरान्त: द्वादशी",
            "राहु काल 10:32 AM to 12:06 PM"
         ],
         "04-06": [
            "तिथि:  द्वादशी 10:34:22, उपरान्त: त्रयोदशी",
            "राहु काल 08:57 AM to 10:32 AM"
         ],
         "04-07": [
            "तिथि:  त्रयोदशी 7:10:21, उपरान्त: चतुर्दशी",
            "राहु काल 04:50 PM to 06:24 PM"
         ],
         "04-08": [
            "तिथि:  औंसी 24:8:9, उपरान्त: प्रतिपदा",
            "राहु काल 07:21 AM to 08:56 AM"
         ],
         "04-09": [
            "तिथि:  प्रतिपदा 20:50:40, उपरान्त: द्वितीया",
            "राहु काल 03:15 PM to 04:50 PM"
         ],
         "04-10": [
            "तिथि:  द्वितीया 17:53:38, उपरान्त: तृतीया",
            "राहु काल 12:05 PM to 01:40 PM"
         ],
         "04-11": [
            "तिथि:  तृतीया 15:25:25, उपरान्त: चतुर्थी",
            "राहु काल 01:40 PM to 03:16 PM"
         ],
         "04-12": [
            "तिथि: चतुर्थी 13:33:56, उपरान्त: पञ्चमी",
            "राहु काल 10:29 AM to 12:05 PM"
         ],
         "04-13": [
            "तिथि:  पञ्चमी 12:25:47, उपरान्त: षष्ठी",
            "राहु काल 08:53 AM to 10:28 AM"
         ],
         "04-14": [
            "तिथि:  षष्ठी 12:5:5, उपरान्त: सप्तमी",
            "राहु काल 04:52 PM to 06:28 PM"
         ],
         "04-15": [
            "तिथि:  सप्तमी 12:32:24, उपरान्त: अष्टमी",
            "राहु काल 07:15 AM to 08:51 AM"
         ],
         "04-16": [
            "तिथि: अष्टमी 13:44:17, उपरान्त: नवमी",
            "राहु काल 03:16 PM to 04:53 PM"
         ],
         "04-17": [
            "तिथि: नवमी 15:33:29, उपरान्त: दशमी",
            "राहु काल 12:03 PM to 01:40 PM"
         ],
         "04-18": [
            "तिथि:  दशमी 17:49:53, उपरान्त: एकादशी",
            "राहु काल 01:40 PM to 03:17 PM"
         ],
         "04-19": [
            "तिथि:  एकादशी 20:21:52, उपरान्त: द्वादशी",
            "राहु काल 10:26 AM to 12:03 PM"
         ],
         "04-20": [
            "तिथि:  द्वादशी 22:57:48, उपरान्त: त्रयोदशी",
            "राहु काल 08:48 AM to 10:26 AM"
         ],
         "04-21": [
            "तिथि:  त्रयोदशी 25:27:14, उपरान्त: चतुर्दशी",
            "राहु काल 04:55 PM to 06:32 PM"
         ],
         "04-22": [
            "तिथि:  चतुर्दशी 27:41:42, उपरान्त: पूर्णिमा",
            "राहु काल 07:10 AM to 08:47 AM"
         ],
         "04-23": [
            "तिथि: पूर्णिमा 29:35:3 (Full Night)",
            "राहु काल 03:18 PM to 04:55 PM"
         ],
         "04-24": [
            "तिथि:  पूर्णिमा 5:35:12, उपरान्त: प्रतिपदा",
            "राहु काल 12:02 PM to 01:40 PM"
         ],
         "04-25": [
            "तिथि: प्रतिपदा 7:1:56, उपरान्त: द्वितीया",
            "राहु काल 01:40 PM to 03:18 PM"
         ],
         "04-26": [
            "तिथि:  द्वितीया 8:1:35, उपरान्त: तृतीया",
            "राहु काल 10:23 AM to 12:02 PM"
         ],
         "04-27": [
            "तिथि:  तृतीया 8:33:17, उपरान्त: चतुर्थी",
            "राहु काल 08:44 AM to 10:23 AM"
         ],
         "04-28": [
            "तिथि: चतुर्थी upto 8:36:52, उपरान्त: पञ्चमी",
            "राहु काल 04:57 PM to 06:36 PM"
         ],
         "04-29": [
            "तिथि:  पञ्चमी 8:12:33, उपरान्त: षष्ठी",
            "राहु काल 07:05 AM to 08:43 AM"
         ],
         "04-30": [
            "तिथि:  षष्ठी 7:20:50, उपरान्त: सप्तमी",
            "राहु काल 03:19 PM to 04:58 PM"
         ],
         "05-01": [
            "तिथि:  सप्तमी 6:2:30, उपरान्त: अष्टमी",
            "राहु काल 12:01 PM to 01:40 PM"
         ],
         "05-02": [
            "तिथि:  नवमी 26:8:1, उपरान्त: दशमी",
            "राहु काल 01:40 PM to 03:20 PM"
         ],
         "05-03": [
            "तिथि:  दशमी 23:38:43, उपरान्त: एकादशी",
            "राहु काल 10:21 AM to 12:01 PM"
         ],
         "05-04": [
            "तिथि:  एकादशी 20:53:33, उपरान्त: द्वादशी",
            "राहु काल 08:41 AM to 10:21 AM"
         ],
         "05-05": [
            "तिथि:  द्वादशी 17:57:45, उपरान्त: त्रयोदशी",
            "राहु काल 05:00 PM to 06:40 PM"
         ],
         "05-06": [
            "तिथि:  त्रयोदशी 14:57:15, उपरान्त: चतुर्दशी",
            "राहु काल 07:00 AM to 08:40 AM"
         ],
         "05-07": [
            "तिथि: चतुर्दशी 11:58:45, उपरान्त: औंसी",
            "राहु काल 03:21 PM to 05:01 PM"
         ],
         "05-08": [
            "तिथि:  औंसी 9:9:41, उपरान्त: प्रतिपदा",
            "राहु काल 12:00 PM to 01:41 PM"
         ],
         "05-09": [
            "तिथि:  प्रतिपदा 6:38:19, उपरान्त: द्वितीया",
            "राहु काल 01:41 PM to 03:21 PM"
         ],
         "05-10": [
            "तिथि:  तृतीया 27:8:57, उपरान्त: चतुर्थी",
            "राहु काल 10:20 AM to 12:00 PM"
         ],
         "05-11": [
            "तिथि:  चतुर्थी 26:23:35, उपरान्त: पञ्चमी",
            "राहु काल 08:39 AM to 10:19 AM"
         ],
         "05-12": [
            "तिथि:  पञ्चमी 26:23:19, उपरान्त: षष्ठी",
            "राहु काल 05:03 PM to 06:44 PM"
         ],
         "05-13": [
            "तिथि:  षष्ठी 27:8:50, उपरान्त: सप्तमी",
            "राहु काल 06:57 AM to 08:38 AM"
         ],
         "05-14": [
            "तिथि:  सप्तमी 28:36:43, उपरान्त: अष्टमी",
            "राहु काल 03:23 PM to 05:04 PM"
         ],
         "05-15": [
            "तिथि: अष्टमी 30:39:9 (Full Night)",
            "राहु काल 12:00 PM to 01:42 PM"
         ],
         "05-16": [
            "तिथि:  अष्टमी 6:39:52, उपरान्त: नवमी",
            "राहु काल 01:42 PM to 03:23 PM"
         ],
         "05-17": [
            "तिथि:  नवमी 9:5:46, उपरान्त: दशमी",
            "राहु काल 10:19 AM to 12:00 PM"
         ],
         "05-18": [
            "तिथि:  दशमी 11:38:45, उपरान्त: एकादशी",
            "राहु काल 08:37 AM to 10:19 AM"
         ],
         "05-19": [
            "तिथि:  एकादशी 14:4:52, उपरान्त: द्वादशी",
            "राहु काल 05:06 PM to 06:48 PM"
         ],
         "05-20": [
            "तिथि:  द्वादशी 16:12:20, उपरान्त: त्रयोदशी",
            "राहु काल 06:54 AM to 08:36 AM"
         ],
         "05-21": [
            "तिथि:  त्रयोदशी 17:52:34, उपरान्त: चतुर्दशी",
            "राहु काल 03:25 PM to 05:07 PM"
         ],
         "05-22": [
            "तिथि:  चतुर्दशी 19:0:44, उपरान्त: पूर्णिमा",
            "राहु काल 12:01 PM to 01:43 PM"
         ],
         "05-23": [
            "तिथि:  पूर्णिमा 19:35:25, उपरान्त: प्रतिपदा",
            "राहु काल 01:43 PM to 03:26 PM"
         ],
         "05-24": [
            "तिथि:  प्रतिपदा 19:37:59, उपरान्त: द्वितीया",
            "राहु काल 10:18 AM to 12:01 PM"
         ],
         "05-25": [
            "तिथि:  द्वितीया 19:11:34, उपरान्त: तृतीया",
            "राहु काल 08:35 AM to 10:18 AM"
         ],
         "05-26": [
            "तिथि:  तृतीया 18:20:10, उपरान्त: चतुर्थी",
            "राहु काल 05:09 PM to 06:52 PM"
         ],
         "05-27": [
            "तिथि:  चतुर्थी 17:7:53, उपरान्त: पञ्चमी",
            "राहु काल 06:52 AM to 08:35 AM"
         ],
         "05-28": [
            "तिथि: पञ्चमी 15:38:25, उपरान्त: षष्ठी",
            "राहु काल 03:27 PM to 05:10 PM"
         ],
         "05-29": [
            "तिथि:  षष्ठी 13:54:48, उपरान्त: सप्तमी",
            "राहु काल 12:01 PM to 01:44 PM"
         ],
         "05-30": [
            "तिथि: सप्तमी 11:59:25, उपरान्त: अष्टमी",
            "राहु काल 01:45 PM to 03:28 PM"
         ],
         "05-31": [
            "तिथि:  अष्टमी 9:54:11, उपरान्त: नवमी",
            "राहु काल 10:18 AM to 12:02 PM"
         ],
         "06-01": [
            "तिथि: नवमी 7:40:49, उपरान्त: दशमी",
            "राहु काल 08:35 AM to 10:18 AM"
         ],
         "06-02": [
            "तिथि: दशमी 5:21:12, उपरान्त: एकादशी",
            "राहु काल 05:12 PM to 06:56 PM"
         ],
         "06-03": [
            "तिथि:  द्वादशी 24:35:34, उपरान्त: त्रयोदशी",
            "राहु काल 06:51 AM to 08:35 AM"
         ],
         "06-04": [
            "तिथि:  त्रयोदशी 22:19:3, उपरान्त: चतुर्दशी",
            "राहु काल 03:29 PM to 05:13 PM"
         ],
         "06-05": [
            "तिथि:  चतुर्दशी 20:14:10, उपरान्त: औंसी",
            "राहु काल 12:02 PM to 01:46 PM"
         ],
         "06-06": [
            "तिथि: औंसी 18:27:32, उपरान्त: प्रतिपदा",
            "राहु काल 01:46 PM to 03:30 PM"
         ],
         "06-07": [
            "तिथि: प्रतिपदा 17:6:13, उपरान्त: द्वितीया",
            "राहु काल 10:19 AM to 12:03 PM"
         ],
         "06-08": [
            "तिथि: द्वितीया 16:17:9, उपरान्त: तृतीया",
            "राहु काल 08:35 AM to 10:19 AM"
         ],
         "06-09": [
            "तिथि: तृतीया 16:6:6, उपरान्त: चतुर्थी",
            "राहु काल 05:15 PM to 06:59 PM"
         ],
         "06-10": [
            "तिथि: चतुर्थी 16:36:31, उपरान्त: पञ्चमी",
            "राहु काल 06:51 AM to 08:35 AM"
         ],
         "06-11": [
            "तिथि: पञ्चमी 17:48:9, उपरान्त: षष्ठी",
            "राहु काल 03:32 PM to 05:16 PM"
         ],
         "06-12": [
            "तिथि:  षष्ठी 19:36:16, उपरान्त: सप्तमी",
            "राहु काल 12:04 PM to 01:48 PM"
         ],
         "06-13": [
            "तिथि: सप्तमी 21:51:30, उपरान्त: अष्टमी",
            "राहु काल 01:48 PM to 03:32 PM"
         ],
         "06-14": [
            "तिथि:  अष्टमी 24:20:40, उपरान्त: नवमी",
            "राहु काल 10:20 AM to 12:04 PM"
         ],
         "06-15": [
            "तिथि: नवमी 26:48:30, उपरान्त: दशमी",
            "राहु काल 08:36 AM to 10:20 AM"
         ],
         "06-16": [
            "तिथि: दशमी 28:59:53, उपरान्त: एकादशी",
            "राहु काल 05:17 PM to 07:01 PM"
         ],
         "06-17": [
            "तिथि:  एकादशी 30:42:5 (Full Night)",
            "राहु काल 06:52 AM to 08:36 AM"
         ],
         "06-18": [
            "तिथि: एकादशी 6:40:46, उपरान्त: द्वादशी",
            "राहु काल 03:33 PM to 05:18 PM"
         ],
         "06-19": [
            "तिथि: द्वादशी 7:43:9, उपरान्त: त्रयोदशी",
            "राहु काल 12:05 PM to 01:49 PM"
         ],
         "06-20": [
            "तिथि: त्रयोदशी 8:4:52, उपरान्त: चतुर्दशी",
            "राहु काल 01:50 PM to 03:34 PM"
         ],
         "06-21": [
            "तिथि: चतुर्दशी 7:46:56, उपरान्त: पूर्णिमा",
            "राहु काल 10:21 AM to 12:06 PM"
         ],
         "06-22": [
            "तिथि: पूर्णिमा 6:53:19, उपरान्त: प्रतिपदा",
            "राहु काल 08:37 AM to 10:22 AM"
         ],
         "06-23": [
            "तिथि: प्रतिपदा 5:29:53, उपरान्त: द्वितीया",
            "राहु काल 05:19 PM to 07:03 PM"
         ],
         "06-24": [
            "तिथि: तृतीया 25:38:55, उपरान्त: चतुर्थी",
            "राहु काल 06:54 AM to 08:38 AM"
         ],
         "06-25": [
            "तिथि: चतुर्थी 23:27:10, उपरान्त: पञ्चमी",
            "राहु काल 03:35 PM to 05:19 PM"
         ],
         "06-26": [
            "तिथि:  पञ्चमी 21:11:48, उपरान्त: षष्ठी",
            "राहु काल 12:07 PM to 01:51 PM"
         ],
         "06-27": [
            "तिथि: षष्ठी 18:56:42, उपरान्त: सप्तमी",
            "राहु काल 01:51 PM to 03:35 PM"
         ],
         "06-28": [
            "तिथि: सप्तमी 16:44:40, उपरान्त: अष्टमी",
            "राहु काल 10:23 AM to 12:07 PM"
         ],
         "06-29": [
            "तिथि: अष्टमी 14:37:36, उपरान्त: नवमी",
            "राहु काल 08:39 AM to 10:23 AM"
         ],
         "06-30": [
            "तिथि:नवमी 12:36:50, उपरान्त: दशमी",
            "राहु काल 05:20 PM to 07:04 PM"
         ],
         "07-01": [
            "तिथि: दशमी 10:43:41, उपरान्त: एकादशी",
            "राहु काल 06:56 AM to 08:40 AM"
         ],
         "07-02": [
            "तिथि: एकादशी 8:59:48, उपरान्त: द्वादशी",
            "राहु काल 03:36 PM to 05:20 PM"
         ],
         "07-03": [
            "तिथि:  द्वादशी 7:27:42, उपरान्त: त्रयोदशी",
            "राहु काल 12:08 PM to 01:52 PM"
         ],
         "07-04": [
            "तिथि: त्रयोदशी 6:10:57, उपरान्त: चतुर्दशी",
            "राहु काल 01:52 PM to 03:36 PM"
         ],
         "07-05": [
            "तिथि: चतुर्दशी 5:14:14, उपरान्त: औंसी",
            "राहु काल 10:25 AM to 12:08 PM"
         ],
         "07-06": [
            "तिथि: प्रतिपदा 28:43:27, उपरान्त: द्वितीया",
            "राहु काल 08:41 AM to 10:25 AM"
         ],
         "07-07": [
            "तिथि: द्वितीया 29:16:28 (Full Night)",
            "राहु काल 05:20 PM to 07:03 PM"
         ],
         "07-08": [
            "तिथि: द्वितीया 5:15:48, उपरान्त: तृतीया",
            "राहु काल 06:58 AM to 08:42 AM"
         ],
         "07-09": [
            "तिथि: तृतीया 6:25:45, उपरान्त: चतुर्थी",
            "राहु काल 03:36 PM to 05:19 PM"
         ],
         "07-10": [
            "तिथि:चतुर्थी 8:9:43, उपरान्त: पञ्चमी",
            "राहु काल 12:09 PM to 01:52 PM"
         ],
         "07-11": [
            "तिथि: पञ्चमी 10:21:15, उपरान्त: षष्ठी",
            "राहु काल 01:53 PM to 03:36 PM"
         ],
         "07-12": [
            "तिथि:  षष्ठी 12:49:38, उपरान्त: सप्तमी",
            "राहु काल 10:26 AM to 12:09 PM"
         ],
         "07-13": [
            "तिथि: सप्तमी 15:20:54, उपरान्त: अष्टमी",
            "राहु काल 08:43 AM to 10:26 AM"
         ],
         "07-14": [
            "तिथि:  अष्टमी 17:39:46, उपरान्त: नवमी",
            "राहु काल 05:19 PM to 07:02 PM"
         ],
         "07-15": [
            "तिथि: नवमी 19:31:46, उपरान्त: दशमी",
            "राहु काल 07:01 AM to 08:44 AM"
         ],
         "07-16": [
            "तिथि: दशमी 20:45:29, उपरान्त: एकादशी",
            "राहु काल 03:35 PM to 05:18 PM"
         ],
         "07-17": [
            "तिथि: एकादशी 21:14:1, उपरान्त: द्वादशी",
            "राहु काल 12:10 PM to 01:53 PM"
         ],
         "07-18": [
            "तिथि: द्वादशी 20:55:31, उपरान्त: त्रयोदशी",
            "राहु काल 01:53 PM to 03:35 PM"
         ],
         "07-19": [
            "तिथि: त्रयोदशी 19:52:41, उपरान्त: चतुर्दशी",
            "राहु काल 10:27 AM to 12:10 PM"
         ],
         "07-20": [
            "तिथि: चतुर्दशी 18:11:33, उपरान्त: पूर्णिमा",
            "राहु काल 08:45 AM to 10:28 AM"
         ],
         "07-21": [
            "तिथि: पूर्णिमा 16:0:1, उपरान्त: प्रतिपदा",
            "राहु काल 05:17 PM to 06:59 PM"
         ],
         "07-22": [
            "तिथि: प्रतिपदा 13:26:35, उपरान्त: द्वितीया",
            "राहु काल 07:04 AM to 08:46 AM"
         ],
         "07-23": [
            "तिथि: द्वितीया 10:39:40, उपरान्त: तृतीया",
            "राहु काल 03:34 PM to 05:16 PM"
         ],
         "07-24": [
            "तिथि: तृतीया 7:47:8, उपरान्त: चतुर्थी",
            "राहु काल 12:10 PM to 01:52 PM"
         ],
         "07-25": [
            "तिथि: पञ्चमी 26:15:57, उपरान्त: षष्ठी",
            "राहु काल 01:52 PM to 03:34 PM"
         ],
         "07-26": [
            "तिथि:  षष्ठी 23:48:58, उपरान्त: सप्तमी",
            "राहु काल 10:29 AM to 12:10 PM"
         ],
         "07-27": [
            "तिथि: सप्तमी 21:38:40, उपरान्त: अष्टमी",
            "राहु काल 08:47 AM to 10:29 AM"
         ],
         "07-28": [
            "तिथि: अष्टमी 19:47:3, उपरान्त: नवमी",
            "राहु काल 05:14 PM to 06:55 PM"
         ],
         "07-29": [
            "तिथि: नवमी 18:15:23, उपरान्त: दशमी",
            "राहु काल 07:06 AM to 08:48 AM"
         ],
         "07-30": [
            "तिथि: दशमी 17:4:30, उपरान्त: एकादशी",
            "राहु काल 03:32 PM to 05:13 PM"
         ],
         "07-31": [
            "तिथि: एकादशी 16:15:13, उपरान्त: द्वादशी",
            "राहु काल 12:10 PM to 01:51 PM"
         ],
         "08-01": [
            "तिथि: द्वादशी 15:48:41, उपरान्त: त्रयोदशी",
            "राहु काल 01:51 PM to 03:31 PM"
         ],
         "08-02": [
            "तिथि: त्रयोदशी 15:46:30, उपरान्त: चतुर्दशी",
            "राहु काल 10:29 AM to 12:10 PM"
         ],
         "08-03": [
            "तिथि: चतुर्दशी 16:10:32, उपरान्त: औंसी",
            "राहु काल 08:49 AM to 10:29 AM"
         ],
         "08-04": [
            "तिथि: औंसी 17:2:31, उपरान्त: प्रतिपदा",
            "राहु काल 05:10 PM to 06:51 PM"
         ],
         "08-05": [
            "तिथि: प्रतिपदा 18:23:13, उपरान्त: द्वितीया",
            "राहु काल 07:09 AM to 08:49 AM"
         ],
         "08-06": [
            "तिथि: द्वितीया 20:11:40, उपरान्त: तृतीया",
            "राहु काल 03:29 PM to 05:09 PM"
         ],
         "08-07": [
            "तिथि: तृतीया 22:24:11, उपरान्त: चतुर्थी",
            "राहु काल 12:09 PM to 01:49 PM"
         ],
         "08-08": [
            "तिथि: चतुर्थी 24:53:56, उपरान्त: पञ्चमी",
            "राहु काल 01:49 PM to 03:28 PM"
         ],
         "08-09": [
            "तिथि: पञ्चमी 27:30:46, उपरान्त: षष्ठी",
            "राहु काल 10:30 AM to 12:09 PM"
         ],
         "08-10": [
            "तिथि:षष्ठी 30:1:54 (Full Night)",
            "राहु काल 08:50 AM to 10:30 AM"
         ],
         "08-11": [
            "तिथि: षष्ठी 6:1:42, उपरान्त: सप्तमी",
            "राहु काल 05:06 PM to 06:45 PM"
         ],
         "08-12": [
            "तिथि:  सप्तमी 8:10:27, उपरान्त: अष्टमी",
            "राहु काल 07:12 AM to 08:51 AM"
         ],
         "08-13": [
            "तिथि: अष्टमी 9:45:8, उपरान्त: नवमी",
            "राहु काल 03:26 PM to 05:05 PM"
         ],
         "08-14": [
            "तिथि:  नवमी 10:36:23, उपरान्त: दशमी",
            "राहु काल 12:08 PM to 01:47 PM"
         ],
         "08-15": [
            "तिथि: दशमी 10:39:5, उपरान्त: एकादशी",
            "राहु काल 01:46 PM to 03:25 PM"
         ],
         "08-16": [
            "तिथि: एकादशी 9:52:35, उपरान्त: द्वादशी",
            "राहु काल 10:29 AM to 12:08 PM"
         ],
         "08-17": [
            "तिथि: द्वादशी 8:20:8, उपरान्त: त्रयोदशी",
            "राहु काल 08:51 AM to 10:29 AM"
         ],
         "08-18": [
            "तिथि: त्रयोदशी 6:7:40, उपरान्त: चतुर्दशी",
            "राहु काल 05:01 PM to 06:39 PM"
         ],
         "08-19": [
            "तिथि: पूर्णिमा 24:10:10, उपरान्त: प्रतिपदा",
            "राहु काल 07:14 AM to 08:52 AM"
         ],
         "08-20": [
            "तिथि: प्रतिपदा 20:48:46, उपरान्त: द्वितीया",
            "राहु काल 03:22 PM to 04:59 PM"
         ],
         "08-21": [
            "तिथि: द्वितीया 17:24:22, उपरान्त: तृतीया",
            "राहु काल 12:07 PM to 01:44 PM"
         ],
         "08-22": [
            "तिथि: तृतीया 14:4:56, उपरान्त: चतुर्थी",
            "राहु काल 01:43 PM to 03:21 PM"
         ],
         "08-23": [
            "तिथि: चतुर्थी 10:57:54, उपरान्त: पञ्चमी",
            "राहु काल 10:29 AM to 12:06 PM"
         ],
         "08-24": [
            "तिथि: पञ्चमी 8:10:4, उपरान्त: षष्ठी",
            "राहु काल 08:52 AM to 10:29 AM"
         ],
         "08-25": [
            "तिथि: षष्ठी 5:47:22, उपरान्त: सप्तमी",
            "राहु काल 04:55 PM to 06:32 PM"
         ],
         "08-26": [
            "तिथि:  अष्टमी 26:38:28, उपरान्त: नवमी",
            "राहु काल 07:16 AM to 08:52 AM"
         ],
         "08-27": [
            "तिथि: नवमी 25:52:21, उपरान्त: दशमी",
            "राहु काल 03:17 PM to 04:53 PM"
         ],
         "08-28": [
            "तिथि: दशमी 25:38:36, उपरान्त: एकादशी",
            "राहु काल 12:05 PM to 01:41 PM"
         ],
         "08-29": [
            "तिथि: एकादशी 25:56:10, उपरान्त: द्वादशी",
            "राहु काल 01:40 PM to 03:16 PM"
         ],
         "08-30": [
            "तिथि: द्वादशी 26:43:24, उपरान्त: त्रयोदशी",
            "राहु काल 10:28 AM to 12:04 PM"
         ],
         "08-31": [
            "तिथि: त्रयोदशी upto 27:58:17, उपरान्त: चतुर्दशी",
            "राहु काल 08:53 AM to 10:28 AM"
         ],
         "09-01": [
            "तिथि: चतुर्दशी 29:38:27, उपरान्त: औंसी",
            "राहु काल 04:49 PM to 06:24 PM"
         ],
         "09-02": [
            "तिथि: औंसी 31:41:0 (Full Night)",
            "राहु काल 07:18 AM to 08:53 AM"
         ],
         "09-03": [
            "तिथि: औंसी 7:42:16, उपरान्त: प्रतिपदा",
            "राहु काल 03:12 PM to 04:47 PM"
         ],
         "09-04": [
            "तिथि: प्रतिपदा 10:4:10, उपरान्त: द्वितीया",
            "राहु काल 12:02 PM to 01:37 PM"
         ],
         "09-05": [
            "तिथि: द्वितीया 12:38:26, उपरान्त: तृतीया",
            "राहु काल 01:36 PM to 03:11 PM"
         ],
         "09-06": [
            "तिथि: तृतीया 15:17:37, उपरान्त: चतुर्थी",
            "राहु काल 10:28 AM to 12:02 PM"
         ],
         "09-07": [
            "तिथि: चतुर्थी 17:52:31, उपरान्त: पञ्चमी",
            "राहु काल 08:53 AM to 10:27 AM"
         ],
         "09-08": [
            "तिथि: पञ्चमी 20:12:33, उपरान्त: षष्ठी",
            "राहु काल 04:42 PM to 06:16 PM"
         ],
         "09-09": [
            "तिथि: षष्ठी 22:6:42, उपरान्त: सप्तमी",
            "राहु काल 07:20 AM to 08:53 AM"
         ],
         "09-10": [
            "तिथि: सप्तमी 23:24:49, उपरान्त: अष्टमी",
            "राहु काल 03:07 PM to 04:41 PM"
         ],
         "09-11": [
            "तिथि: अष्टमी 23:58:59, उपरान्त: नवमी",
            "राहु काल 12:00 PM to 01:33 PM"
         ],
         "09-12": [
            "तिथि:  नवमी 23:44:40, उपरान्त: दशमी",
            "राहु काल 01:33 PM to 03:06 PM"
         ],
         "09-13": [
            "तिथि: दशमी 22:41:21, उपरान्त: एकादशी",
            "राहु काल 10:26 AM to 11:59 AM"
         ],
         "09-14": [
            "तिथि:  एकादशी 20:52:16, उपरान्त: द्वादशी",
            "राहु काल 08:54 AM to 10:26 AM"
         ],
         "09-15": [
            "तिथि: द्वादशी 18:23:33, उपरान्त: त्रयोदशी",
            "राहु काल 04:36 PM to 06:08 PM"
         ],
         "09-16": [
            "तिथि: त्रयोदशी 15:23:3, उपरान्त: चतुर्दशी",
            "राहु काल 07:22 AM to 08:54 AM"
         ],
         "09-17": [
            "तिथि: चतुर्दशी 11:59:12, उपरान्त: पूर्णिमा",
            "राहु काल 03:02 PM to 04:34 PM"
         ],
         "09-18": [
            "तिथि: पूर्णिमा 8:20:31, उपरान्त: प्रतिपदा",
            "राहु काल 11:57 AM to 01:29 PM"
         ],
         "09-19": [
            "तिथि: द्वितीया 24:57:53, उपरान्त: तृतीया",
            "राहु काल 01:29 PM to 03:00 PM"
         ],
         "09-20": [
            "तिथि: तृतीया 21:35:9, उपरान्त: चतुर्थी",
            "राहु काल 10:25 AM to 11:57 AM"
         ],
         "09-21": [
            "तिथि: चतुर्थी 18:35:22, उपरान्त: पञ्चमी",
            "राहु काल 08:54 AM to 10:25 AM"
         ],
         "09-22": [
            "तिथि: पञ्चमी 16:5:42, उपरान्त: षष्ठी",
            "राहु काल 04:29 PM to 06:00 PM"
         ],
         "09-23": [
            "तिथि: षष्ठी 14:12:30, उपरान्त: सप्तमी",
            "राहु काल 07:23 AM to 08:54 AM"
         ],
         "09-24": [
            "तिथि: सप्तमी 13:0:24, उपरान्त: अष्टमी",
            "राहु काल 02:57 PM to 04:27 PM"
         ],
         "09-25": [
            "तिथि: अष्टमी 12:31:46, उपरान्त: नवमी",
            "राहु काल 11:55 AM to 01:25 PM"
         ],
         "09-26": [
            "तिथि:  नवमी 12:46:7, उपरान्त: दशमी",
            "राहु काल 01:25 PM to 02:55 PM"
         ],
         "09-27": [
            "तिथि: दशमी 13:40:24, उपरान्त: एकादशी",
            "राहु काल 10:24 AM to 11:54 AM"
         ],
         "09-28": [
            "तिथि: एकादशी 15:9:23, उपरान्त: द्वादशी",
            "राहु काल 08:55 AM to 10:24 AM"
         ],
         "09-29": [
            "तिथि: द्वादशी 17:6:32, उपरान्त: त्रयोदशी",
            "राहु काल 04:22 PM to 05:52 PM"
         ],
         "09-30": [
            "तिथि: त्रयोदशी 19:24:40, उपरान्त: चतुर्दशी",
            "राहु काल 07:25 AM to 08:55 AM"
         ],
         "10-01": [
            "तिथि: चतुर्दशी 21:56:38, उपरान्त: औंसी",
            "राहु काल 02:51 PM to 04:20 PM"
         ],
         "10-02": [
            "तिथि: औंसी 24:35:30, उपरान्त: प्रतिपदा",
            "राहु काल 11:53 AM to 01:22 PM"
         ],
         "10-03": [
            "तिथि: प्रतिपदा 27:14:36, उपरान्त: द्वितीया",
            "राहु काल 01:21 PM to 02:50 PM"
         ],
         "10-04": [
            "तिथि: द्वितीया 29:47:20, उपरान्त: तृतीया",
            "राहु काल 10:24 AM to 11:52 AM"
         ],
         "10-05": [
            "तिथि: तृतीया 32:5:18 (Full Night)",
            "राहु काल 08:55 AM to 10:23 AM"
         ],
         "10-06": [
            "तिथि: तृतीया 8:5:18, उपरान्त: चतुर्थी",
            "राहु काल 04:16 PM to 05:44 PM"
         ],
         "10-07": [
            "तिथि: चतुर्थी 10:2:22, उपरान्त: पञ्चमी",
            "राहु काल 07:27 AM to 08:55 AM"
         ],
         "10-08": [
            "तिथि: पञ्चमी 11:31:45, उपरान्त: षष्ठी",
            "राहु काल 02:46 PM to 04:14 PM"
         ],
         "10-09": [
            "तिथि: षष्ठी 12:27:15, उपरान्त: सप्तमी",
            "राहु काल 11:51 AM to 01:18 PM"
         ],
         "10-10": [
            "तिथि: सप्तमी 12:43:55, उपरान्त: अष्टमी",
            "राहु काल 01:18 PM to 02:45 PM"
         ],
         "10-11": [
            "तिथि: अष्टमी 12:18:43, उपरान्त: नवमी",
            "राहु काल 10:23 AM to 11:50 AM"
         ],
         "10-12": [
            "तिथि:  नवमी 11:11:0, उपरान्त: दशमी",
            "राहु काल 08:56 AM to 10:23 AM"
         ],
         "10-13": [
            "तिथि: दशमी 9:22:31, उपरान्त: एकादशी",
            "राहु काल 04:10 PM to 05:37 PM"
         ],
         "10-14": [
            "तिथि:  एकादशी 6:57:7, उपरान्त: द्वादशी",
            "राहु काल 07:30 AM to 08:56 AM"
         ],
         "10-15": [
            "तिथि: त्रयोदशी 24:33:48, उपरान्त: चतुर्दशी",
            "राहु काल 02:42 PM to 04:08 PM"
         ],
         "10-16": [
            "तिथि: चतुर्दशी 20:56:3, उपरान्त: पूर्णिमा",
            "राहु काल 11:49 AM to 01:15 PM"
         ],
         "10-17": [
            "तिथि: पूर्णिमा 17:13:17, उपरान्त: प्रतिपदा",
            "राहु काल 01:15 PM to 02:41 PM"
         ],
         "10-18": [
            "तिथि: प्रतिपदा 13:34:14, उपरान्त: द्वितीया",
            "राहु काल 10:23 AM to 11:49 AM"
         ],
         "10-19": [
            "तिथि: द्वितीया 10:7:57, उपरान्त: तृतीया",
            "राहु काल 08:57 AM to 10:23 AM"
         ],
         "10-20": [
            "तिथि: तृतीया 7:4:2, उपरान्त: चतुर्थी",
            "राहु काल 04:04 PM to 05:30 PM"
         ],
         "10-21": [
            "तिथि: पञ्चमी 26:48:54, उपरान्त: षष्ठी",
            "राहु काल 07:33 AM to 08:58 AM"
         ],
         "10-22": [
            "तिथि: षष्ठी 25:49:19, उपरान्त: सप्तमी",
            "राहु काल 02:38 PM to 04:03 PM"
         ],
         "10-23": [
            "तिथि: सप्तमी 25:39:4, उपरान्त: अष्टमी",
            "राहु काल 11:48 AM to 01:13 PM"
         ],
         "10-24": [
            "तिथि: अष्टमी 26:17:41, उपरान्त: नवमी",
            "राहु काल 01:12 PM to 02:37 PM"
         ],
         "10-25": [
            "तिथि: नवमी 27:40:48, उपरान्त: दशमी",
            "राहु काल 10:23 AM to 11:48 AM"
         ],
         "10-26": [
            "तिथि:  दशमी 29:40:33, उपरान्त: एकादशी",
            "राहु काल 08:59 AM to 10:23 AM"
         ],
         "10-27": [
            "तिथि: एकादशी 32:6:36 (Full Night)",
            "राहु काल 03:59 PM to 05:23 PM"
         ],
         "10-28": [
            "तिथि: एकादशी 8:7:49, उपरान्त: द्वादशी",
            "राहु काल 07:36 AM to 09:00 AM"
         ],
         "10-29": [
            "तिथि: द्वादशी 10:48:25, उपरान्त: त्रयोदशी",
            "राहु काल 02:35 PM to 03:58 PM"
         ],
         "10-30": [
            "तिथि: त्रयोदशी 13:31:31, उपरान्त: चतुर्दशी",
            "राहु काल 11:47 AM to 01:11 PM"
         ],
         "10-31": [
            "तिथि: चतुर्दशी 16:8:7, उपरान्त: औंसी",
            "राहु काल 01:10 PM to 02:34 PM"
         ],
         "11-01": [
            "तिथि: औंसी 18:31:21, उपरान्त: प्रतिपदा",
            "राहु काल 10:24 AM to 11:47 AM"
         ],
         "11-02": [
            "तिथि: 09:01 AM to 10:24 AM",
            "राहु काल 11:53 AM to 01:22 PM"
         ],
         "11-03": [
            "तिथि: द्वितीया 22:19:36, उपरान्त: तृतीया",
            "राहु काल 03:55 PM to 05:18 PM"
         ],
         "11-04": [
            "तिथि:तृतीया 23:38:38, उपरान्त: चतुर्थी",
            "राहु काल 07:39 AM to 09:02 AM"
         ],
         "11-05": [
            "तिथि: चतुर्थी 24:31:14, उपरान्त: पञ्चमी",
            "राहु काल 02:32 PM to 03:54 PM"
         ],
         "11-06": [
            "तिथि: पञ्चमी 24:55:18, उपरान्त: षष्ठी",
            "राहु काल 11:47 AM to 01:09 PM"
         ],
         "11-07": [
            "तिथि: षष्ठी 24:48:47, उपरान्त: सप्तमी",
            "राहु काल 01:09 PM to 02:31 PM"
         ],
         "11-08": [
            "तिथि: सप्तमी 24:9:59, उपरान्त: अष्टमी",
            "राहु काल 10:25 AM to 11:47 AM"
         ],
         "11-09": [
            "तिथि: अष्टमी 22:58:6, उपरान्त: नवमी",
            "राहु काल 09:04 AM to 10:26 AM"
         ],
         "11-10": [
            "तिथि: नवमी 21:13:42, उपरान्त: दशमी",
            "राहु काल 03:52 PM to 05:14 PM"
         ],
         "11-11": [
            "तिथि: दशमी 18:59:2, उपरान्त: एकादशी",
            "राहु काल 07:43 AM to 09:05 AM"
         ],
         "11-12": [
            "तिथि:  एकादशी 16:18:2, उपरान्त: द्वादशी",
            "राहु काल 02:30 PM to 03:52 PM"
         ],
         "11-13": [
            "तिथि: द्वादशी 13:16:4, उपरान्त: त्रयोदशी",
            "राहु काल 11:48 AM to 01:09 PM"
         ],
         "11-14": [
            "तिथि:  त्रयोदशी 9:59:35, उपरान्त: चतुर्दशी",
            "राहु काल 01:09 PM to 02:30 PM"
         ],
         "11-15": [
            "तिथि: चतुर्दशी 6:35:52, उपरान्त: पूर्णिमा",
            "राहु काल 10:27 AM to 11:48 AM"
         ],
         "11-16": [
            "तिथि: प्रतिपदा 24:9:30, उपरान्त: द्वितीया",
            "राहु काल 09:07 AM to 10:28 AM"
         ],
         "11-17": [
            "तिथि: द्वितीया 21:27:35, उपरान्त: तृतीया",
            "राहु काल 03:50 PM to 05:11 PM"
         ],
         "11-18": [
            "तिथि: तृतीया 19:18:46, उपरान्त: चतुर्थी",
            "राहु काल 07:48 AM to 09:08 AM"
         ],
         "11-19": [
            "तिथि: चतुर्थी 17:51:36, उपरान्त: पञ्चमी",
            "राहु काल 02:30 PM to 03:50 PM"
         ],
         "11-20": [
            "तिथि: पञ्चमी 17:12:49, उपरान्त: षष्ठी",
            "राहु काल 11:49 AM to 01:09 PM"
         ],
         "11-21": [
            "तिथि: षष्ठी 17:25:51, उपरान्त: सप्तमी",
            "राहु काल 01:10 PM to 02:30 PM"
         ],
         "11-22": [
            "तिथि: सप्तमी 18:29:25, उपरान्त: अष्टमी",
            "राहु काल 10:30 AM to 11:50 AM"
         ],
         "11-23": [
            "तिथि: अष्टमी 20:17:11, उपरान्त: नवमी",
            "राहु काल 09:11 AM to 10:30 AM"
         ],
         "11-24": [
            "तिथि: नवमी 22:38:15, उपरान्त: दशमी",
            "राहु काल 03:49 PM to 05:09 PM"
         ],
         "11-25": [
            "तिथि: दशमी 25:18:46, उपरान्त: एकादशी",
            "राहु काल 07:52 AM to 09:12 AM"
         ],
         "11-26": [
            "तिथि:  एकादशी 28:4:2, उपरान्त: द्वादशी",
            "राहु काल 02:30 PM to 03:49 PM"
         ],
         "11-27": [
            "तिथि: द्वादशी 30:40:39 (Full Night)",
            "राहु काल 11:51 AM to 01:11 PM"
         ],
         "11-28": [
            "तिथि: द्वादशी 6:40:2, उपरान्त: त्रयोदशी",
            "राहु काल 01:11 PM to 02:30 PM"
         ],
         "11-29": [
            "तिथि: त्रयोदशी 8:55:13, उपरान्त: चतुर्दशी",
            "राहु काल 10:33 AM to 11:52 AM"
         ],
         "11-30": [
            "तिथि: चतुर्दशी 10:44:21, उपरान्त: औंसी",
            "राहु काल 09:15 AM to 10:33 AM"
         ],
         "12-01": [
            "तिथि: औंसी 12:5:1, उपरान्त: प्रतिपदा",
            "राहु काल 03:50 PM to 05:08 PM"
         ],
         "12-02": [
            "तिथि:प्रतिपदा 12:57:21, उपरान्त: द्वितीया",
            "राहु काल 07:57 AM to 09:16 AM"
         ],
         "12-03": [
            "तिथि: द्वितीया 13:23:6, उपरान्त: तृतीया",
            "राहु काल 02:31 PM to 03:50 PM"
         ],
         "12-04": [
            "तिथि: तृतीया 13:24:32, उपरान्त: चतुर्थी",
            "राहु काल 11:54 AM to 01:13 PM"
         ],
         "12-05": [
            "तिथि: चतुर्थी 13:3:46, उपरान्त: पञ्चमी",
            "राहु काल 01:13 PM to 02:32 PM"
         ],
         "12-06": [
            "तिथि: पञ्चमी 12:22:16, उपरान्त: षष्ठी",
            "राहु काल 10:36 AM to 11:55 AM"
         ],
         "12-07": [
            "तिथि: षष्ठी 11:20:45, उपरान्त: सप्तमी",
            "राहु काल 09:19 AM to 10:37 AM"
         ],
         "12-08": [
            "तिथि: सप्तमी 9:59:25, उपरान्त: अष्टमी",
            "राहु काल 03:51 PM to 05:09 PM"
         ],
         "12-09": [
            "तिथि: अष्टमी 8:18:23, उपरान्त: नवमी",
            "राहु काल 08:01 AM to 09:20 AM"
         ],
         "12-10": [
            "तिथि: दशमी 28:0:10, उपरान्त: एकादशी",
            "राहु काल 02:33 PM to 03:51 PM"
         ],
         "12-11": [
            "तिथि: एकादशी 25:25:3, उपरान्त: द्वादशी",
            "राहु काल 11:57 AM to 01:15 PM"
         ],
         "12-12": [
            "तिथि: द्वादशी 22:42:21, उपरान्त: त्रयोदशी",
            "राहु काल 01:16 PM to 02:34 PM"
         ],
         "12-13": [
            "तिथि: त्रयोदशी 19:57:19, उपरान्त: चतुर्दशी",
            "राहु काल 10:40 AM to 11:58 AM"
         ],
         "12-14": [
            "तिथि:  चतुर्दशी 17:17:29, उपरान्त: पूर्णिमा",
            "राहु काल 09:22 AM to 10:41 AM"
         ],
         "12-15": [
            "तिथि: पूर्णिमा 14:51:19, उपरान्त: प्रतिपदा",
            "राहु काल 03:53 PM to 05:11 PM"
         ],
         "12-16": [
            "तिथि: प्रतिपदा 12:47:59, उपरान्त: द्वितीया",
            "राहु काल 08:06 AM to 09:24 AM"
         ],
         "12-17": [
            "तिथि: द्वितीया 11:16:53, उपरान्त: तृतीया",
            "राहु काल 02:36 PM to 03:54 PM"
         ],
         "12-18": [
            "तिथि: तृतीया 10:26:32, उपरान्त: चतुर्थी",
            "राहु काल 12:01 PM to 01:18 PM"
         ],
         "12-19": [
            "तिथि: चतुर्थी 10:23:12, उपरान्त: पञ्चमी",
            "राहु काल 01:19 PM to 02:37 PM"
         ],
         "12-20": [
            "तिथि: पञ्चमी 11:9:5, उपरान्त: षष्ठी",
            "राहु काल 10:44 AM to 12:02 PM"
         ],
         "12-21": [
            "तिथि: षष्ठी 12:41:9, उपरान्त: सप्तमी",
            "राहु काल 09:26 AM to 10:44 AM"
         ],
         "12-22": [
            "तिथि: सप्तमी 14:50:56, उपरान्त: अष्टमी",
            "राहु काल 03:56 PM to 05:14 PM"
         ],
         "12-23": [
            "तिथि: अष्टमी 17:25:17, उपरान्त: नवमी",
            "राहु काल 08:09 AM to 09:27 AM"
         ],
         "12-24": [
            "तिथि: नवमी 20:8:21, उपरान्त: दशमी",
            "राहु काल 02:39 PM to 03:57 PM"
         ],
         "12-25": [
            "तिथि: दशमी 22:44:2, उपरान्त: एकादशी",
            "राहु काल 12:04 PM to 01:22 PM"
         ],
         "12-26": [
            "तिथि:  एकादशी 24:58:24, उपरान्त: द्वादशी",
            "राहु काल 01:23 PM to 02:40 PM"
         ],
         "12-27": [
            "तिथि: द्वादशी 26:41:28, उपरान्त: त्रयोदशी",
            "राहु काल 10:47 AM to 12:05 PM"
         ],
         "12-28": [
            "तिथि: त्रयोदशी 27:47:58, उपरान्त: चतुर्दशी",
            "राहु काल 09:29 AM to 10:47 AM"
         ],
         "12-29": [
            "तिथि: चतुर्दशी 28:17:11, उपरान्त: औंसी",
            "राहु काल 04:00 PM to 05:18 PM"
         ],
         "12-30": [
            "तिथि: औंसी 28:12:0, उपरान्त: प्रतिपदा",
            "राहु काल 08:12 AM to 09:30 AM"
         ],
         "12-31": [
            "तिथि: प्रतिपदा 27:37:30, उपरान्त: द्वितीया",
            "राहु काल 02:43 PM to 04:01 PM"
         ]
      },
      "2025": {
         "mm-dd": [
            "event_EN",
            "event_NP"
         ],
         "01-01": [
            "तिथि: द्वितीया 26:39:34, उपरान्त: तृतीया",
            "राहु काल 12:07 PM to 01:26 PM"
         ],
         "01-02": [
            "तिथि: तृतीया 25:23:53, उपरान्त: चतुर्थी",
            "राहु काल 01:26 PM to 02:44 PM"
         ],
         "01-03": [
            "तिथि: चतुर्थी 23:55:9, उपरान्त: पञ्चमी",
            "राहु काल 10:50 AM to 12:08 PM"
         ],
         "01-04": [
            "तिथि: पञ्चमी 22:16:49, उपरान्त: षष्ठी",
            "राहु काल 09:32 AM to 10:50 AM"
         ],
         "01-05": [
            "तिथि: षष्ठी 20:31:9, उपरान्त: सप्तमी",
            "राहु काल 04:05 PM to 05:23 PM"
         ],
         "01-06": [
            "तिथि: सप्तमी 18:39:31, उपरान्त: अष्टमी",
            "राहु काल 08:14 AM to 09:33 AM"
         ],
         "01-07": [
            "तिथि: अष्टमी 16:42:50, उपरान्त: नवमी",
            "राहु काल 02:47 PM to 04:06 PM"
         ],
         "01-08": [
            "तिथि: नवमी 14:42:11, उपरान्त: दशमी",
            "राहु काल 12:11 PM to 01:29 PM"
         ],
         "01-09": [
            "तिथि: दशमी 12:39:17, उपरान्त: एकादशी",
            "राहु काल 01:30 PM to 02:49 PM"
         ],
         "01-10": [
            "तिथि: एकादशी 10:36:51, उपरान्त: द्वादशी",
            "राहु काल 10:53 AM to 12:11 PM"
         ],
         "01-11": [
            "तिथि: द्वादशी 8:38:55, उपरान्त: त्रयोदशी ",
            "राहु काल 09:34 AM to 10:53 AM"
         ],
         "01-12": [
            "तिथि: चतुर्दशी 29:19:19, उपरान्त: पूर्णिमा",
            "राहु काल 04:09 PM to 05:28 PM"
         ],
         "01-13": [
            "तिथि: पूर्णिमा 28:14:0, उपरान्त: प्रतिपदा",
            "राहु काल 08:15 AM to 09:34 AM"
         ],
         "01-14": [
            "तिथि:  प्रतिपदा 27:39:20, उपरान्त: द्वितीया",
            "राहु काल 02:51 PM to 04:11 PM"
         ],
         "01-15": [
            "तिथि: द्वितीया 27:41:26, उपरान्त: तृतीया",
            "राहु काल 12:13 PM to 01:33 PM"
         ],
         "01-16": [
            "तिथि: तृतीया 28:23:51, उपरान्त: चतुर्थी",
            "राहु काल 01:33 PM to 02:53 PM"
         ],
         "01-17": [
            "तिथि: चतुर्थी 29:46:47, उपरान्त: पञ्चमी",
            "राहु काल 10:54 AM to 12:14 PM"
         ],
         "01-18": [
            "तिथि: पञ्चमी 31:48:12 (Full Night)",
            "राहु काल 09:35 AM to 10:55 AM"
         ],
         "01-19": [
            "तिथि: पञ्चमी 7:48:12, उपरान्त: षष्ठी",
            "राहु काल 04:14 PM to 05:34 PM"
         ],
         "01-20": [
            "तिथि: षष्ठी 10:15:50, उपरान्त: सप्तमी",
            "राहु काल 08:15 AM to 09:35 AM"
         ],
         "01-21": [
            "तिथि: सप्तमी 12:55:57, उपरान्त: अष्टमी",
            "राहु काल 02:55 PM to 04:16 PM"
         ],
         "01-22": [
            "तिथि: अष्टमी 15:32:45, उपरान्त: नवमी",
            "राहु काल 12:15 PM to 01:36 PM"
         ],
         "01-23": [
            "तिथि: नवमी 17:50:48, उपरान्त: दशमी",
            "राहु काल 01:36 PM to 02:57 PM"
         ],
         "01-24": [
            "तिथि: दशमी 19:37:19, उपरान्त: एकादशी",
            "राहु काल 10:55 AM to 12:16 PM"
         ],
         "01-25": [
            "तिथि: एकादशी 20:43:46, उपरान्त: द्वादशी",
            "राहु काल 09:35 AM to 10:56 AM"
         ],
         "01-26": [
            "तिथि:  द्वादशी 21:6:30, उपरान्त: त्रयोदशी",
            "राहु काल 04:19 PM to 05:40 PM"
         ],
         "01-27": [
            "तिथि: त्रयोदशी 20:46:32, उपरान्त: चतुर्दशी",
            "राहु काल 08:14 AM to 09:35 AM"
         ],
         "01-28": [
            "तिथि: चतुर्दशी 19:48:20, उपरान्त: औंसी",
            "राहु काल 02:59 PM to 04:20 PM"
         ],
         "01-29": [
            "तिथि: औंसी 18:18:35, उपरान्त: प्रतिपदा",
            "राहु काल 12:17 PM to 01:38 PM"
         ],
         "01-30": [
            "तिथि: प्रतिपदा 16:24:50, उपरान्त: द्वितीया",
            "राहु काल 01:39 PM to 03:00 PM"
         ],
         "01-31": [
            "तिथि: द्वितीया 14:14:35, उपरान्त: तृतीया",
            "राहु काल 10:56 AM to 12:17 PM"
         ],
         "02-01": [
            "तिथि: तृतीया 11:54:44, उपरान्त: चतुर्थी",
            "राहु काल 09:34 AM to 10:56 AM"
         ],
         "02-02": [
            "तिथि: चतुर्थी 9:31:23, उपरान्त: पञ्चमी",
            "राहु काल 04:23 PM to 05:45 PM"
         ],
         "02-03": [
            "तिथि: पञ्चमी 7:9:39, उपरान्त: षष्ठी ",
            "राहु काल 08:11 AM to 09:34 AM"
         ],
         "02-04": [
            "तिथि: सप्तमी 26:48:6, उपरान्त: अष्टमी",
            "राहु काल 03:02 PM to 04:25 PM"
         ],
         "02-05": [
            "तिथि: अष्टमी 24:53:27, उपरान्त: नवमी",
            "राहु काल 12:18 PM to 01:40 PM"
         ],
         "02-06": [
            "तिथि: नवमी 23:11:48, उपरान्त: दशमी",
            "राहु काल 01:41 PM to 03:03 PM"
         ],
         "02-07": [
            "तिथि: दशमी 21:44:59, उपरान्त: एकादशी",
            "राहु काल 10:55 AM to 12:18 PM"
         ],
         "02-08": [
            "तिथि: एकादशी 20:35:7, उपरान्त: द्वादशी",
            "राहु काल 09:32 AM to 10:55 AM"
         ],
         "02-09": [
            "तिथि: द्वादशी 19:44:50, उपरान्त: त्रयोदशी",
            "राहु काल 04:28 PM to 05:51 PM"
         ],
         "02-10": [
            "तिथि: त्रयोदशी 19:17:14, उपरान्त: चतुर्दशी",
            "राहु काल 08:08 AM to 09:31 AM"
         ],
         "02-11": [
            "तिथि: चतुर्दशी 19:15:40, उपरान्त: पूर्णिमा ",
            "राहु काल 03:05 PM to 04:29 PM"
         ],
         "02-12": [
            "तिथि: पूर्णिमा 19:43:10, उपरान्त: प्रतिपदा",
            "राहु काल 12:18 PM to 01:42 PM"
         ],
         "02-13": [
            "तिथि: प्रतिपदा 20:41:49, उपरान्त: द्वितीया",
            "राहु काल 01:42 PM to 03:06 PM"
         ],
         "02-14": [
            "तिथि:  द्वितीया 22:11:52, उपरान्त: तृतीया",
            "राहु काल 10:54 AM to 12:18 PM"
         ],
         "02-15": [
            "तिथि: तृतीया 24:10:55, उपरान्त: चतुर्थी",
            "राहु काल 09:30 AM to 10:54 AM"
         ],
         "02-16": [
            "तिथि: चतुर्थी 26:33:21, उपरान्त: पञ्चमी",
            "राहु काल 04:31 PM to 05:56 PM"
         ],
         "02-17": [
            "तिथि: पञ्चमी 29:10:6, उपरान्त: षष्ठी",
            "राहु काल 08:04 AM to 09:29 AM"
         ],
         "02-18": [
            "तिथि: षष्ठी 31:49:11 (Full Night)",
            "राहु काल 03:07 PM to 04:32 PM"
         ],
         "02-19": [
            "तिथि: षष्ठी 7:48:22, उपरान्त: सप्तमी",
            "राहु काल 12:18 PM to 01:43 PM"
         ],
         "02-20": [
            "तिथि: सप्तमी 10:13:1, उपरान्त: अष्टमी",
            "राहु काल 01:43 PM to 03:08 PM"
         ],
         "02-21": [
            "तिथि: अष्टमी 12:10:53, उपरान्त: नवमी",
            "राहु काल 10:52 AM to 12:17 PM"
         ],
         "02-22": [
            "तिथि: नवमी 13:31:15, उपरान्त: दशमी",
            "राहु काल 09:26 AM to 10:52 AM"
         ],
         "02-23": [
            "तिथि: दशमी 14:7:9, उपरान्त: एकादशी",
            "राहु काल 04:35 PM to 06:00 PM"
         ],
         "02-24": [
            "तिथि: एकादशी 13:56:0, उपरान्त: द्वादशी",
            "राहु काल 07:59 AM to 09:25 AM"
         ],
         "02-25": [
            "तिथि: द्वादशी 12:59:14, उपरान्त: त्रयोदशी",
            "राहु काल 03:09 PM to 04:35 PM"
         ],
         "02-26": [
            "तिथि:  त्रयोदशी 11:21:30, उपरान्त: चतुर्दशी",
            "राहु काल 12:17 PM to 01:43 PM"
         ],
         "02-27": [
            "तिथि: चतुर्दशी 9:9:26, उपरान्त: औंसी ",
            "राहु काल 01:43 PM to 03:10 PM"
         ],
         "02-28": [
            "तिथि: प्रतिपदा 27:33:15, उपरान्त: द्वितीया",
            "राहु काल 10:50 AM to 12:16 PM"
         ],
         "03-01": [
            "तिथि: द्वितीया 24:25:45, उपरान्त: तृतीया",
            "राहु काल 09:22 AM to 10:49 AM"
         ],
         "03-02": [
            "तिथि: तृतीया 21:19:39, उपरान्त: चतुर्थी",
            "राहु काल 04:38 PM to 06:05 PM"
         ],
         "03-03": [
            "तिथि: चतुर्थी 18:21:5, उपरान्त: पञ्चमी ",
            "राहु काल 07:54 AM to 09:21 AM"
         ],
         "03-04": [
            "तिथि: पञ्चमी 15:36:24, उपरान्त: षष्ठी",
            "राहु काल 03:11 PM to 04:38 PM"
         ],
         "03-05": [
            "तिथि: षष्ठी 13:11:16, उपरान्त: सप्तमी",
            "राहु काल 12:15 PM to 01:43 PM"
         ],
         "03-06": [
            "तिथि: सप्तमी 11:10:28, उपरान्त: अष्टमी",
            "राहु काल 01:43 PM to 03:11 PM"
         ],
         "03-07": [
            "तिथि: अष्टमी 9:37:35, उपरान्त: नवमी",
            "राहु काल 10:47 AM to 12:15 PM"
         ],
         "03-08": [
            "तिथि: नवमी 8:34:51, उपरान्त: दशमी",
            "राहु काल 09:18 AM to 10:46 AM"
         ],
         "03-09": [
            "तिथि: दशमी 8:3:15, उपरान्त: एकादशी",
            "राहु काल 04:40 PM to 06:09 PM"
         ],
         "03-10": [
            "तिथि: एकादशी 8:2:37, उपरान्त: द्वादशी",
            "राहु काल 07:48 AM to 09:16 AM"
         ],
         "03-11": [
            "तिथि: द्वादशी 8:32:0, उपरान्त: त्रयोदशी ",
            "राहु काल 03:12 PM to 04:41 PM"
         ],
         "03-12": [
            "तिथि: त्रयोदशी 9:29:53, उपरान्त: चतुर्दशी",
            "राहु काल 12:14 PM to 01:43 PM"
         ],
         "03-13": [
            "तिथि: चतुर्दशी 10:54:16, उपरान्त: पूर्णिमा",
            "राहु काल 01:43 PM to 03:12 PM"
         ],
         "03-14": [
            "तिथि:  पूर्णिमा 12:42:34, उपरान्त: प्रतिपदा",
            "राहु काल 10:43 AM to 12:13 PM"
         ],
         "03-15": [
            "तिथि: प्रतिपदा 14:51:21, उपरान्त: द्वितीया",
            "राहु काल 09:13 AM to 10:43 AM"
         ],
         "03-16": [
            "तिथि: द्वितीया 17:15:54, उपरान्त: तृतीया",
            "राहु काल 04:43 PM to 06:13 PM"
         ],
         "03-17": [
            "तिथि: तृतीया 19:49:55, उपरान्त: चतुर्थी",
            "राहु काल 07:41 AM to 09:12 AM"
         ],
         "03-18": [
            "तिथि: चतुर्थी 22:25:20, उपरान्त: पञ्चमी",
            "राहु काल 03:13 PM to 04:43 PM"
         ],
         "03-19": [
            "तिथि: पञ्चमी 24:52:32, उपरान्त: षष्ठी",
            "राहु काल 12:12 PM to 01:42 PM"
         ],
         "03-20": [
            "तिथि: षष्ठी 27:0:52, उपरान्त: सप्तमी",
            "राहु काल 01:42 PM to 03:13 PM"
         ],
         "03-21": [
            "तिथि: सप्तमी 28:39:47, उपरान्त: अष्टमी",
            "राहु काल 10:40 AM to 12:11 PM"
         ],
         "03-22": [
            "तिथि: अष्टमी 29:40:0, उपरान्त: नवमी",
            "राहु काल 09:08 AM to 10:39 AM"
         ],
         "03-23": [
            "तिथि: नवमी 29:54:54, उपरान्त: दशमी",
            "राहु काल 04:45 PM to 06:16 PM"
         ],
         "03-24": [
            "तिथि: दशमी 29:22:14, उपरान्त: एकादशी",
            "राहु काल 07:35 AM to 09:07 AM"
         ],
         "03-25": [
            "तिथि: एकादशी 28:0:25, उपरान्त: द्वादशी",
            "राहु काल 03:14 PM to 04:46 PM"
         ],
         "03-26": [
            "तिथि:  द्वादशी 25:56:21, उपरान्त: त्रयोदशी",
            "राहु काल 12:09 PM to 01:42 PM"
         ],
         "03-27": [
            "तिथि: त्रयोदशी 23:16:14, उपरान्त: चतुर्दशी ",
            "राहु काल 01:42 PM to 03:14 PM"
         ],
         "03-28": [
            "तिथि: चतुर्दशी 20:8:35, उपरान्त: औंसी",
            "राहु काल 10:36 AM to 12:09 PM"
         ],
         "03-29": [
            "तिथि:  औंसी 16:42:18, उपरान्त: प्रतिपदा",
            "राहु काल 09:03 AM to 10:36 AM"
         ],
         "03-30": [
            "तिथि: प्रतिपदा 13:6:9, उपरान्त: द्वितीया ",
            "राहु काल 04:47 PM to 06:20 PM"
         ],
         "03-31": [
            "तिथि: द्वितीया 9:28:47, उपरान्त: तृतीया",
            "राहु काल 07:28 AM to 09:02 AM"
         ],
         "04-01": [
            "तिथि: तृतीया 5:59:6, उपरान्त: चतुर्थी ",
            "राहु काल 03:14 PM to 04:48 PM"
         ],
         "04-02": [
            "तिथि: पञ्चमी 24:10:6, उपरान्त: षष्ठी",
            "राहु काल 12:07 PM to 01:41 PM"
         ],
         "04-03": [
            "तिथि: षष्ठी 22:3:6, उपरान्त: सप्तमी ",
            "राहु काल 01:41 PM to 03:15 PM"
         ],
         "04-04": [
            "तिथि: सप्तमी 20:34:54, उपरान्त: अष्टमी",
            "राहु काल 10:33 AM to 12:07 PM"
         ],
         "04-05": [
            "तिथि: अष्टमी 19:48:34, उपरान्त: नवमी",
            "राहु काल 08:58 AM to 10:32 AM"
         ],
         "04-06": [
            "तिथि: नवमी 19:44:35, उपरान्त: दशमी",
            "राहु काल 04:49 PM to 06:24 PM"
         ],
         "04-07": [
            "तिथि: दशमी 20:20:48, उपरान्त: एकादशी",
            "राहु काल 07:22 AM to 08:57 AM"
         ],
         "04-08": [
            "तिथि: एकादशी 21:32:41, उपरान्त: द्वादशी",
            "राहु काल 03:15 PM to 04:50 PM"
         ],
         "04-09": [
            "तिथि: द्वादशी 23:14:10, उपरान्त: त्रयोदशी",
            "राहु काल 12:05 PM to 01:40 PM"
         ],
         "04-10": [
            "तिथि: त्रयोदशी 25:18:24, उपरान्त: चतुर्दशी",
            "राहु काल 01:40 PM to 03:16 PM"
         ],
         "04-11": [
            "तिथि: चतुर्दशी 27:38:37, उपरान्त: पूर्णिमा ",
            "राहु काल 10:29 AM to 12:05 PM"
         ],
         "04-12": [
            "तिथि: पूर्णिमा 30:8:22 (Full Night)",
            "राहु काल 08:53 AM to 10:29 AM"
         ],
         "04-13": [
            "तिथि: पूर्णिमा 6:8:25, उपरान्त: प्रतिपदा",
            "राहु काल 04:52 PM to 06:28 PM"
         ]
      }
   },
   "other_start": 2024,
   "other_end": 2025,
   "note": "Maintained in AD for easy reference"
}
