
  {
  "2080": {
    "mm-dd": [
      "cause",
      "type",
      "description",
      "cause_np"
    ],
    "01-22": [
      "",
      "newyear",
      "",
      ""
    ],
    
    "source": "Bhupendra"
  },
  "2081": {
    "mm-dd": [
      "cause",
      "type",
      "description",
      "cause_np"
    ],
   
    "12-31": [
      "",
      "newyear",
      "",
      ""
    ],
       
    
    "source": "Bhupendra",
    "special_note": "n/a"
  },
  "compiled_by": "Bhupendra Dahal",
  "holiday_types": [
    "national",
    "specific"
  ],
  "start_year": 2080,
  "end_year": 2081,
  "description_types": [
    
  ]
}
