{
     "author": "Bhupendra dahal(shrayesh-calendar)",
     "data": {
          "2023": {
               "mm-dd": [
                    "event_NP"
               ],
               "11-17": [
                    "सूर्योदय ६:२७ - सूर्यास्त ५:०९ "
               ],
               "11-18": [
                    "सूर्योदय ६:२८ - सूर्यास्त ५:०९"
               ],
               "11-19": [
                    "सूर्योदय ६:२८ - सूर्यास्त ५:०८"
               ],
               "11-20": [
                    "सूर्योदय ६:२९ - सूर्यास्त ५:०८"
               ],
               "11-21": [
                    "सूर्योदय ६:३० - सूर्यास्त ५:०८"
               ],
               "11-22": [
                    "सूर्योदय ६:३१ - सूर्यास्त ५:०८"
               ],
               "11-23": [
                    "सूर्योदय ६:३२ - सूर्यास्त ५:०७"
               ],
               "11-24": [
                    "सूर्योदय ६:३२ - सूर्यास्त ५:०७"
               ],
               "11-25": [
                    "सूर्योदय ६:३३ - सूर्यास्त ५:०७"
               ],
               "11-26": [
                    " सूर्योदय ६:३४ - सूर्यास्त ५:०७"
               ],
               "11-27": [
                    "सूर्योदय ६:३५ - सूर्यास्त ५:०७"
               ],
               "11-28": [
                    "सूर्योदय ६:३६ - सूर्यास्त ५:०६"
               ],
               "11-29": [
                    "सूर्योदय ६:३६ - सूर्यास्त ५:०६"
               ],
               "11-30": [
                    "सूर्योदय ६:३७ - सूर्यास्त ५:०६"
               ],
               "12-01": [
                    "सूर्योदय ६:३८ - सूर्यास्त ५:०६"
               ],
               "12-02": [
                    "सूर्योदय ६:३९ - सूर्यास्त ५:०६"
               ],
               "12-03": [
                    "सूर्योदय ६:३९ - सूर्यास्त ५:०६"
               ],
               "12-04": [
                    "सूर्योदय ६:४० - सूर्यास्त ५:०६"
               ],
               "12-05": [
                    "सूर्योदय ६:४१ - सूर्यास्त ५:०६"
               ],
               "12-06": [
                    "सूर्योदय ६:४२ - सूर्यास्त ५:०७"
               ],
               "12-07": [
                    "सूर्योदय ६:४२ - सूर्यास्त ५:०७"
               ],
               "12-08": [
                    "सूर्योदय ६:४३ - सूर्यास्त ५:०७"
               ],
               "12-09": [
                    "सूर्योदय ६:४४ - सूर्यास्त ५:०७"
               ],
               "12-10": [
                    "सूर्योदय ६:४५ - सूर्यास्त ५:०७"
               ],
               "12-11": [
                    "सूर्योदय ६:४६ - सूर्यास्त ५:०८"
               ],
               "12-12": [
                    "सूर्योदय ६:४६ - सूर्यास्त ५:०८"
               ],
               "12-13": [
                    "सूर्योदय ६:४७ - सूर्यास्त ५:०८"
               ],
               "12-14": [
                    "सूर्योदय ६:४७ - सूर्यास्त ५:०८"
               ],
               "12-15": [
                    "सूर्योदय ६:४८ - सूर्यास्त ५:०९"
               ],
               "12-16": [
                    "सूर्योदय ६:४९ - सूर्यास्त ५:०९"
               ],
               "12-17": [
                    "सूर्योदय ६:४९ - सूर्यास्त ५:१०"
               ],
               "12-18": [
                    "सूर्योदय ६:५० - सूर्यास्त ५:१०"
               ],
               "12-19": [
                    "सूर्योदय ६:५० - सूर्यास्त ५:१०"
               ],
               "12-20": [
                    "सूर्योदय ६:५१ - सूर्यास्त ५:११"
               ],
               "12-21": [
                    "सूर्योदय ६:५१ - सूर्यास्त ५:११"
               ],
               "12-22": [
                    "सूर्योदय ६:५२ - सूर्यास्त ५:१२"
               ],
               "12-23": [
                    "सूर्योदय ६:५३ - सूर्यास्त ५:१२"
               ],
               "12-24": [
                    "सूर्योदय ६:५३ - सूर्यास्त ५:१३"
               ],
               "12-25": [
                    "सूर्योदय ६:५३ - सूर्यास्त ५:१३"
               ],
               "12-26": [
                    "सूर्योदय ६:५४ - सूर्यास्त ५:१४"
               ],
               "12-27": [
                    "सूर्योदय ६:५४ - सूर्यास्त ५:१५"
               ],
               "12-28": [
                    "सूर्योदय ६:५५ - सूर्यास्त ५:१५"
               ],
               "12-29": [
                    "सूर्योदय ६:५५ - सूर्यास्त ५:१६"
               ],
               "12-30": [
                    "सूर्योदय ६:५५ - सूर्यास्त  १७:१७"
               ],
               "12-31": [
                    "सूर्योदय ६:५६ - सूर्यास्त  १७:१७"
               ]
          },
          "2024": {
               "mm-dd": [
                    "event_NP"
               ],
               "03-09": [
                    "सूर्योदय ☀️6:20 - सूर्यास्त 🌤18:10"
               ],
               "03-10": [
                    "सूर्योदय 6:19☀️ - सूर्यास्त 🌤18:11"
               ],
               "03-11": [
                    "सूर्योदय ☀️6:18 - सूर्यास्त 🌤18:11"
               ],
               "03-12": [
                    "सूर्योदय ☀️6:17 - सूर्यास्त 🌤18:12"
               ],
               "03-13": [
                    "सूर्योदय ☀️6:16 - सूर्यास्त 🌤18:12"
               ],
               "03-14": [
                    "सूर्योदय ☀️6:14 - सूर्यास्त 🌤18:13"
               ],
               "03-15": [
                    "सूर्योदय ☀️6:13 - सूर्यास्त 🌤18:13"
               ],
               "03-16": [
                    "सूर्योदय ☀️6:12 - सूर्यास्त 🌤18:14"
               ],
               "03-17": [
                    "सूर्योदय ☀️6:11 - सूर्यास्त 🌤18:15"
               ],
               "03-18": [
                    "सूर्योदय ☀️6:10 - सूर्यास्त 🌤18:15"
               ],
               "03-19": [
                    "सूर्योदय ☀️6:09 - सूर्यास्त 🌤18:16"
               ],
               "03-20": [
                    "सूर्योदय ☀️6:08 - सूर्यास्त 🌤18:16"
               ],
               "03-21": [
                    "सूर्योदय ☀️6:07 - सूर्यास्त 🌤18:17"
               ],
               "03-22": [
                    "सूर्योदय ☀️6:06 - सूर्यास्त 🌤18:17"
               ],
               "03-23": [
                    "सूर्योदय ☀️6:04 - सूर्यास्त 🌤18:18"
               ],
               "03-24": [
                    "सूर्योदय ☀️6:03 - सूर्यास्त 🌤18:18"
               ],
               "03-25": [
                    "सूर्योदय 6:02☀️ - सूर्यास्त 🌤18:19"
               ],
               "03-26": [
                    "सूर्योदय ☀️6:01 - सूर्यास्त 🌤18:19"
               ],
               "03-27": [
                    "सूर्योदय ☀️6:00 - सूर्यास्त 🌤18:20"
               ],
               "03-28": [
                    "सूर्योदय ☀️5:59 - सूर्यास्त 🌤18:20"
               ],
               "03-29": [
                    "सूर्योदय ☀️5:58 - सूर्यास्त 🌤18:21"
               ],
               "03-30": [
                    "सूर्योदय ☀️5:57 - सूर्यास्त 🌤18:21"
               ],
               "03-31": [
                    "सूर्योदय ☀️5:55 - सूर्यास्त 🌤18:22"
               ],
               "04-01": [
                    "सूर्योदय ☀️5:54 - सूर्यास्त 🌤18:22"
               ],
               "04-02": [
                    "सूर्योदय ☀️5:53 - सूर्यास्त 🌤18:23"
               ],
               "04-03": [
                    "सूर्योदय ☀️5:52 - सूर्यास्त 🌤18:24"
               ],
               "04-04": [
                    "सूर्योदय ☀️5:51 - सूर्यास्त 🌤18:24"
               ],
               "04-05": [
                    "सूर्योदय ☀️5:50 - सूर्यास्त 🌤18:25"
               ],
               "04-06": [
                    "सूर्योदय ☀️5:49 - सूर्यास्त 🌤18:25"
               ],
               "04-07": [
                    "सूर्योदय ☀️5:48 - सूर्यास्त 🌤18:26"
               ],
               "04-08": [
                    "सूर्य 5:47☀️, 18:26🌤"
               ],
               "04-09": [
                    "सूर्य 5:46☀️, 18:27🌤"
               ],
               "04-10": [
                    "सूर्य 5:44☀️, 18:27🌤"
               ],
               "04-11": [
                    "सूर्य 5:43☀️, 18:28🌤"
               ],
               "04-12": [
                    "सूर्य 5:42☀️, 18:28🌤"
               ],
               "04-13": [
                    "सूर्य 5:42☀️, 18:28🌤"
               ],
               "04-14": [
                    "सूर्य 5:41☀️, 18:29🌤"
               ],
               "04-15": [
                    "सूर्य 5:40☀️, 18:29🌤"
               ],
               "04-16": [
                    "सूर्य 5:39☀️, 18:30🌤"
               ],
               "04-17": [
                    "सूर्य 5:38☀️, 18:30🌤"
               ],
               "04-18": [
                    "सूर्य 5:37☀️, 18:31🌤"
               ],
               "04-19": [
                    "सूर्य 5:36☀️, 18:32🌤"
               ],
               "04-20": [
                    "सूर्य 5:35☀️, 18:32🌤"
               ],
               "04-21": [
                    "सूर्य 5:34☀️, 18:33🌤"
               ],
               "04-22": [
                    "सूर्य 5:33☀️, 18:33🌤"
               ],
               "04-23": [
                    "सूर्य 5:32☀️, 18:34🌤"
               ],
               "04-24": [
                    "सूर्य 5:31☀️, 18:34🌤"
               ],
               "04-25": [
                    "सूर्य 5:31☀️, 18:35🌤"
               ],
               "04-26": [
                    "सूर्य 5:30☀️, 18:35🌤"
               ],
               "04-27": [
                    "सूर्य 5:29☀️, 18:36🌤"
               ],
               "04-28": [
                    "सूर्य 5:28☀️, 18:37🌤"
               ],
               "04-29": [
                    "सूर्य 5:27☀️, 18:37🌤"
               ],
               "04-30": [
                    "सूर्य 5:26☀️, 18:38🌤"
               ],
               "05-01": [
                    "सूर्य 5:25☀️, 18:38🌤"
               ],
               "05-02": [
                    "सूर्य 5:25☀️, 18:39🌤"
               ],
               "05-03": [
                    "सूर्य 5:24☀️, 18:39🌤"
               ],
               "05-04": [
                    "सूर्य 5:23☀️, 18:40🌤"
               ],
               "05-05": [
                    "सूर्य 5:22☀️, 18:41🌤"
               ],
               "05-06": [
                    "सूर्य 5:21☀️, 18:41🌤"
               ],
               "05-07": [
                    "सूर्य 5:21☀️, 18:42🌤"
               ],
               "05-08": [
                    "सूर्य 5:20☀️, 18:42🌤"
               ],
               "05-09": [
                    "सूर्य 5:19☀️, 18:43🌤"
               ],
               "05-10": [
                    "सूर्य 5:19☀️, 18:43🌤"
               ],
               "05-11": [
                    "सूर्य 5:18☀️, 18:44🌤"
               ],
               "05-12": [
                    "सूर्य 5:17☀️, 18:45🌤"
               ],
               "05-13": [
                    "सूर्य 5:17☀️, 18:45🌤"
               ],
               "05-14": [
                    "सूर्य 5:16☀️, 18:46🌤"
               ],
               "05-15": [
                    "सूर्य 5:16☀️, 18:46🌤"
               ],
               "05-16": [
                    "सूर्य 5:15☀️, 18:47🌤"
               ],
               "05-17": [
                    "सूर्य 5:14☀️, 18:48🌤"
               ],
               "05-18": [
                    "सूर्य 5:14☀️, 18:48🌤"
               ],
               "05-19": [
                    "सूर्य 5:13☀️, 18:49🌤"
               ],
               "05-20": [
                    "सूर्य 5:13☀️, 18:49🌤"
               ],
               "05-21": [
                    "सूर्य 5:13☀️, 18:50🌤"
               ],
               "05-22": [
                    "सूर्य 5:12☀️, 18:50🌤"
               ],
               "05-23": [
                    "सूर्य 5:12☀️, 18:51🌤"
               ],
               "05-24": [
                    "सूर्य 5:11☀️, 18:52🌤"
               ],
               "05-25": [
                    "सूर्य 5:11☀️, 18:52🌤"
               ],
               "05-26": [
                    "सूर्य 5:11☀️, 18:53🌤"
               ],
               "05-27": [
                    "सूर्य 5:10☀️, 18:53🌤"
               ],
               "05-28": [
                    "सूर्य 5:10☀️, 18:54🌤"
               ],
               "05-29": [
                    "सूर्य 5:10☀️, 18:54🌤"
               ],
               "05-30": [
                    "सूर्य 5:09☀️, 18:55🌤"
               ],
               "05-31": [
                    "सूर्य 5:09☀️, 18:55🌤"
               ],
               "06-01": [
                    "सूर्य 5:09☀️, 18:56🌤"
               ],
               "06-02": [
                    "सूर्य 5:09☀️, 18:56🌤"
               ],
               "06-03": [
                    "सूर्य 5:09☀️, 18:57🌤"
               ],
               "06-04": [
                    "सूर्य 5:09☀️, 18:57🌤"
               ],
               "06-05": [
                    "सूर्य 5:08☀️, 18:58🌤"
               ],
               "06-06": [
                    "सूर्य 5:08☀️, 18:58🌤"
               ],
               "06-07": [
                    "सूर्य 5:08☀️, 18:58🌤"
               ],
               "06-08": [
                    "सूर्य 5:08☀️, 18:59🌤"
               ],
               "06-09": [
                    "सूर्य 5:08☀️, 18:59🌤"
               ],
               "06-10": [
                    "सूर्य 5:08☀️, 19:00🌤"
               ],
               "06-11": [
                    "सूर्य 5:08☀️, 19:00🌤"
               ],
               "06-12": [
                    "सूर्य 5:08☀️, 19:00🌤"
               ],
               "06-13": [
                    "सूर्य 5:08☀️, 19:01🌤"
               ],
               "06-14": [
                    "सूर्य 5:08☀️, 19:01🌤"
               ],
               "06-15": [
                    "सूर्य 5:08☀️, 19:02🌤"
               ],
               "06-16": [
                    "सूर्य 5:08☀️, 19:02🌤"
               ],
               "06-17": [
                    "सूर्य 5:09☀️, 19:02🌤"
               ],
               "06-18": [
                    "सूर्य 5:09☀️, 19:02🌤"
               ],
               "06-19": [
                    "सूर्य 5:09☀️, 19:03🌤"
               ],
               "06-20": [
                    "सूर्य 5:09☀️, 19:03🌤"
               ],
               "06-21": [
                    "सूर्य 5:09☀️, 19:03🌤"
               ],
               "06-22": [
                    "सूर्य 5:10☀️, 19:03🌤"
               ],
               "06-23": [
                    "सूर्य 5:10☀️, 19:04🌤"
               ],
               "06-24": [
                    "सूर्य 5:10☀️, 19:04🌤"
               ],
               "06-25": [
                    "सूर्य 5:10☀️, 19:04🌤"
               ],
               "06-26": [
                    "सूर्य 5:11☀️, 19:04🌤"
               ],
               "06-27": [
                    "सूर्य 5:11☀️, 19:04🌤"
               ],
               "06-28": [
                    "सूर्य 5:11☀️, 19:04🌤"
               ],
               "06-29": [
                    "सूर्य 5:11☀️, 19:04🌤"
               ],
               "06-30": [
                    "सूर्य 5:12☀️, 19:04🌤"
               ],
               "07-01": [
                    "सूर्य 5:12☀️, 19:04🌤"
               ],
               "07-02": [
                    "सूर्य 5:13☀️, 19:04🌤"
               ],
               "07-03": [
                    "सूर्य 5:13☀️, 19:04🌤"
               ],
               "07-04": [
                    "सूर्य 5:13☀️, 19:04🌤"
               ],
               "07-05": [
                    "सूर्य 5:14☀️, 19:04🌤"
               ],
               "07-06": [
                    "सूर्य 5:14☀️, 19:04🌤"
               ],
               "07-07": [
                    "सूर्य 5:15☀️, 19:04🌤"
               ],
               "07-08": [
                    "सूर्य 5:15☀️, 19:04🌤"
               ],
               "07-09": [
                    "सूर्य 5:15☀️, 19:04🌤"
               ],
               "07-10": [
                    "सूर्य 5:16☀️, 19:03🌤"
               ],
               "07-11": [
                    "सूर्य 5:16☀️, 19:03🌤"
               ],
               "07-12": [
                    "सूर्य 5:17☀️, 19:03🌤"
               ],
               "07-13": [
                    "सूर्य 5:17☀️, 19:03🌤"
               ],
               "07-14": [
                    "सूर्य 5:18☀️, 19:03🌤"
               ],
               "07-15": [
                    "सूर्य 5:18☀️, 19:02🌤"
               ],
               "07-16": [
                    "सूर्य 5:19☀️, 19:02🌤"
               ],
               "07-17": [
                    "सूर्य 5:19☀️, 19:02🌤"
               ],
               "07-18": [
                    "सूर्य 5:20☀️, 19:01🌤"
               ],
               "07-19": [
                    "सूर्य 5:20☀️, 19:01🌤"
               ],
               "07-20": [
                    "सूर्य 5:21☀️, 19:00🌤"
               ],
               "07-21": [
                    "सूर्य 5:21☀️, 19:00🌤"
               ],
               "07-22": [
                    "सूर्य 5:22☀️, 19:00🌤"
               ],
               "07-23": [
                    "सूर्य 5:22☀️, 18:59🌤"
               ],
               "07-24": [
                    "सूर्य 5:23☀️, 18:59🌤"
               ],
               "07-25": [
                    "सूर्य 5:24☀️, 18:58🌤"
               ],
               "07-26": [
                    "सूर्य 5:24☀️, 18:58🌤"
               ],
               "07-27": [
                    "सूर्य 5:25☀️, 18:57🌤"
               ],
               "07-28": [
                    "सूर्य 5:25☀️, 18:56🌤"
               ],
               "07-29": [
                    "सूर्य 5:26☀️, 18:56🌤"
               ],
               "07-30": [
                    "सूर्य 5:27☀️, 18:55🌤"
               ],
               "07-31": [
                    "सूर्य 5:26☀️, 18:55🌤"
               ],
               "08-01": [
                    "सूर्य 5:27☀️, 18:54🌤"
               ],
               "08-02": [
                    "सूर्य 5:28☀️, 18:53🌤"
               ],
               "08-03": [
                    "सूर्य 5:28☀️, 18:53🌤"
               ],
               "08-04": [
                    "सूर्य 5:29☀️, 18:52🌤"
               ],
               "08-05": [
                    "सूर्य 5:29☀️, 18:51🌤"
               ],
               "08-06": [
                    "सूर्य 5:30☀️, 18:50🌤"
               ],
               "08-07": [
                    "सूर्य 5:31☀️, 18:50🌤"
               ],
               "08-08": [
                    "सूर्य 5:31☀️, 18:49🌤"
               ],
               "08-09": [
                    "सूर्य 5:32☀️, 18:48🌤"
               ],
               "08-10": [
                    "सूर्य 5:32☀️, 18:47🌤"
               ],
               "08-11": [
                    "सूर्य 5:33☀️, 18:46🌤"
               ],
               "08-12": [
                    "सूर्य 5:33☀️, 18:45🌤"
               ],
               "08-13": [
                    "सूर्य5 5:34☀️, 18:45🌤"
               ],
               "08-14": [
                    "सूर्य 5:34☀️, 18:44🌤"
               ],
               "08-15": [
                    "सूर्य 5:35☀️, 18:43🌤"
               ],
               "08-16": [
                    "सूर्य 5:35☀️, 18:42🌤"
               ],
               "08-17": [
                    "सूर्य 5:36☀️, 18:41🌤"
               ],
               "08-18": [
                    "सूर्य 5:36☀️, 18:40🌤"
               ],
               "08-19": [
                    "सूर्य 5:37☀️, 18:39🌤"
               ],
               "08-20": [
                    "सूर्य 5:37☀️, 18:38🌤"
               ],
               "08-21": [
                    "सूर्य 5:38☀️, 18:37🌤"
               ],
               "08-22": [
                    "सूर्य 5:38☀️, 18:36🌤"
               ],
               "08-23": [
                    "सूर्य 5:39☀️, 18:35🌤"
               ],
               "08-24": [
                    "सूर्य 5:39☀️, 18:34🌤"
               ],
               "08-25": [
                    "सूर्य 5:40☀️, 18:33🌤"
               ],
               "08-26": [
                    "सूर्य 5:40☀️, 18:32🌤"
               ],
               "08-27": [
                    "सूर्य 5:41☀️, 18:31🌤"
               ],
               "08-28": [
                    "सूर्य 5:41☀️, 18:30🌤"
               ],
               "08-29": [
                    "सूर्य 5:42☀️, 18:29🌤"
               ],
               "08-30": [
                    "सूर्य 5:42☀️, 18:28🌤"
               ],
               "08-31": [
                    "सूर्य 5:43☀️, 18:27🌤"
               ],
               "09-01": [
                    "सूर्य 5:43☀️, 18:26🌤"
               ],
               "09-02": [
                    "सूर्य 5:44☀️, 18:24🌤"
               ],
               "09-03": [
                    "सूर्य 5:44☀️, 18:23🌤"
               ],
               "09-04": [
                    "सूर्य 5:44☀️, 18:22🌤"
               ],
               "09-05": [
                    "सूर्य 5:45☀️, 18:21🌤"
               ],
               "09-06": [
                    "सूर्य 5:45☀️, 18:20🌤"
               ],
               "09-07": [
                    "सूर्य 5:46☀️, 18:19🌤"
               ],
               "09-08": [
                    "सूर्य 5:46☀️, 18:18🌤"
               ],
               "09-09": [
                    "सूर्य 5:47☀️, 18:17🌤"
               ],
               "09-10": [
                    "सूर्य 5:47☀️, 18:15🌤"
               ],
               "09-11": [
                    "सूर्य 5:48☀️, 18:14🌤"
               ],
               "09-12": [
                    "सूर्य 5:48☀️, 18:13🌤"
               ],
               "09-13": [
                    "सूर्य5 5:49☀️, 18:12🌤"
               ],
               "09-14": [
                    "सूर्य 5:49☀️, 18:11🌤"
               ],
               "09-15": [
                    "सूर्य 5:50☀️, 18:10🌤"
               ],
               "09-16": [
                    "सूर्य 5:50☀️, 18:08🌤"
               ],
               "09-17": [
                    "सूर्य 5:50☀️, 18:07🌤"
               ],
               "09-18": [
                    "सूर्य 5:51☀️, 18:06🌤"
               ],
               "09-19": [
                    "सूर्य 5:51☀️, 18:05🌤"
               ],
               "09-20": [
                    "सूर्य 5:52☀️, 18:04🌤"
               ],
               "09-21": [
                    "सूर्य 5:52☀️, 18:03🌤"
               ],
               "09-22": [
                    "सूर्य 5:53☀️, 18:01🌤"
               ],
               "09-23": [
                    "सूर्य 5:53☀️, 18:00🌤"
               ],
               "09-24": [
                    "सूर्य 5:54☀️, 17:59🌤"
               ],
               "09-25": [
                    "सूर्य 5:54☀️, 17:58🌤"
               ],
               "09-26": [
                    "सूर्य 5:55☀️, 17:57🌤"
               ],
               "09-27": [
                    "सूर्य 5:55☀️, 17:56🌤"
               ],
               "09-28": [
                    "सूर्य 5:56☀️, 17:54🌤"
               ],
               "09-29": [
                    "सूर्य 5:56☀️, 17:53🌤"
               ],
               "09-30": [
                    "सूर्य 5:57☀️, 17:52🌤"
               ],
               "10-01": [
                    "सूर्य 5:57☀️, 17:51🌤"
               ],
               "10-02": [
                    "सूर्य 5:58☀️, 17:50🌤"
               ],
               "10-03": [
                    "सूर्य 5:58☀️, 17:49🌤"
               ],
               "10-04": [
                    "सूर्य 5:59☀️, 17:48🌤"
               ],
               "10-05": [
                    "सूर्य 5:59☀️, 17:46🌤"
               ],
               "10-06": [
                    "सूर्य 6:00☀️, 17:45🌤"
               ],
               "10-07": [
                    "सूर्य 6:00☀️, 17:44🌤"
               ],
               "10-08": [
                    "सूर्य 6:01☀️, 17:43🌤"
               ],
               "10-09": [
                    "सूर्य 6:01☀️, 17:42🌤"
               ],
               "10-10": [
                    "सूर्य 6:02☀️, 17:41🌤"
               ],
               "10-11": [
                    "सूर्य 6:02☀️, 17:40🌤"
               ],
               "10-12": [
                    "सूर्य 6:03☀️, 17:39🌤"
               ],
               "10-13": [
                    "सूर्य5 6:03☀️, 17:38🌤"
               ],
               "10-14": [
                    "सूर्य 6:04☀️, 17:37🌤"
               ],
               "10-15": [
                    "सूर्य 6:04☀️, 17:36🌤"
               ],
               "10-16": [
                    "सूर्य 6:05☀️, 17:35🌤"
               ],
               "10-17": [
                    "सूर्य 6:06☀️, 17:34🌤"
               ],
               "10-18": [
                    "सूर्य 6:06☀️, 17:33🌤"
               ],
               "10-19": [
                    "सूर्य 6:07☀️, 17:32🌤"
               ],
               "10-20": [
                    "सूर्य 6:07☀️, 17:31🌤"
               ],
               "10-21": [
                    "सूर्य 6:08☀️, 17:30🌤"
               ],
               "10-22": [
                    "सूर्य 6:09☀️, 17:29🌤"
               ],
               "10-23": [
                    "सूर्य 6:09☀️, 17:28🌤"
               ],
               "10-24": [
                    "सूर्य 6:10☀️, 17:27🌤"
               ],
               "10-25": [
                    "सूर्य 6:10☀️, 17:26🌤"
               ],
               "10-26": [
                    "सूर्य 6:11☀️, 17:26🌤"
               ],
               "10-27": [
                    "सूर्य 6:12☀️, 17:25🌤"
               ],
               "10-28": [
                    "सूर्य 6:12☀️, 17:24🌤"
               ],
               "10-29": [
                    "सूर्य 6:13☀️, 17:23🌤"
               ],
               "10-30": [
                    "सूर्य 6:14☀️, 17:22🌤"
               ],
               "10-31": [
                    "सूर्य 6:14☀️, 17:21🌤"
               ],
               "11-01": [
                    "सूर्य 6:15☀️, 17:21🌤"
               ],
               "11-02": [
                    "सूर्य 6:16☀️, 17:20🌤"
               ],
               "11-03": [
                    "सूर्य 6:16☀️, 17:19🌤"
               ],
               "11-04": [
                    "सूर्य 6:17☀️, 17:19🌤"
               ],
               "11-05": [
                    "सूर्य 6:18☀️, 17:18🌤"
               ],
               "11-06": [
                    "सूर्य 6:19☀️, 17:17🌤"
               ],
               "11-07": [
                    "सूर्य 6:19☀️, 17:17🌤"
               ],
               "11-08": [
                    "सूर्य 6:20☀️, 17:16🌤"
               ],
               "11-09": [
                    "सूर्य 6:21☀️, 17:15🌤"
               ],
               "11-10": [
                    "सूर्य 6:22☀️, 17:15🌤"
               ],
               "11-11": [
                    "सूर्य 6:22☀️, 17:14🌤"
               ],
               "11-12": [
                    "सूर्य 6:23☀️, 17:14🌤"
               ],
               "11-13": [
                    "सूर्य5 6:24☀️, 17:13🌤"
               ],
               "11-14": [
                    "सूर्य 6:25☀️, 17:13🌤"
               ],
               "11-15": [
                    "सूर्य 6:25☀️, 17:12🌤"
               ],
               "11-16": [
                    "सूर्य 6:26☀️, 17:12🌤"
               ],
               "11-17": [
                    "सूर्य 6:27☀️, 17:12🌤"
               ],
               "11-18": [
                    "सूर्य 6:28☀️, 17:11🌤"
               ],
               "11-19": [
                    "सूर्य 6:28☀️, 17:11🌤"
               ],
               "11-20": [
                    "सूर्य 6:29☀️, 17:11🌤"
               ],
               "11-21": [
                    "सूर्य 6:30☀️, 17:10🌤"
               ],
               "11-22": [
                    "सूर्य 6:31☀️, 17:10🌤"
               ],
               "11-23": [
                    "सूर्य 6:31☀️, 17:10🌤"
               ],
               "11-24": [
                    "सूर्य 6:32☀️, 17:10🌤"
               ],
               "11-25": [
                    "सूर्य 6:33☀️, 17:10🌤"
               ],
               "11-26": [
                    "सूर्य 6:34☀️, 17:09🌤"
               ],
               "11-27": [
                    "सूर्य 6:35☀️, 17:09🌤"
               ],
               "11-28": [
                    "सूर्य 6:35☀️, 17:09🌤"
               ],
               "11-29": [
                    "सूर्य 6:36☀️, 17:09🌤"
               ],
               "11-30": [
                    "सूर्य 6:37☀️, 17:09🌤"
               ],
               "12-01": [
                    "सूर्य 6:38☀️, 17:09🌤"
               ],
               "12-02": [
                    "सूर्य 6:38☀️, 17:09🌤"
               ],
               "12-03": [
                    "सूर्य 6:39☀️, 17:09🌤"
               ],
               "12-04": [
                    "सूर्य 6:40☀️, 17:09🌤"
               ],
               "12-05": [
                    "सूर्य 6:41☀️, 17:09🌤"
               ],
               "12-06": [
                    "सूर्य 6:41☀️, 17:09🌤"
               ],
               "12-07": [
                    "सूर्य 6:42☀️, 17:09🌤"
               ],
               "12-08": [
                    "सूर्य 6:43☀️, 17:10🌤"
               ],
               "12-09": [
                    "सूर्य 6:43☀️, 17:10🌤"
               ],
               "12-10": [
                    "सूर्य 6:44☀️, 17:10🌤"
               ],
               "12-11": [
                    "सूर्य 6:45☀️, 17:10🌤"
               ],
               "12-12": [
                    "सूर्य 6:45☀️, 17:11🌤"
               ],
               "12-13": [
                    "सूर्य5 6:46☀️, 17:11🌤"
               ],
               "12-14": [
                    "सूर्य 6:47☀️, 17:11🌤"
               ],
               "12-15": [
                    "सूर्य 6:47☀️, 17:12🌤"
               ],
               "12-16": [
                    "सूर्य 6:48☀️, 17:12🌤"
               ],
               "12-17": [
                    "सूर्य 6:49☀️, 17:12🌤"
               ],
               "12-18": [
                    "सूर्य 6:49☀️, 17:13🌤"
               ],
               "12-19": [
                    "सूर्य 6:50☀️, 17:13🌤"
               ],
               "12-20": [
                    "सूर्य 6:50☀️, 17:14🌤"
               ],
               "12-21": [
                    "सूर्य 6:51☀️, 17:14🌤"
               ],
               "12-22": [
                    "सूर्य 6:51☀️, 17:15🌤"
               ],
               "12-23": [
                    "सूर्य 6:52☀️, 17:15🌤"
               ],
               "12-24": [
                    "सूर्य 6:52☀️, 17:16🌤"
               ],
               "12-25": [
                    "सूर्य 6:53☀️, 17:16🌤"
               ],
               "12-26": [
                    "सूर्य 6:53☀️, 17:17🌤"
               ],
               "12-27": [
                    "सूर्य 6:53☀️, 17:17🌤"
               ],
               "12-28": [
                    "सूर्य 6:54☀️, 17:18🌤"
               ],
               "12-29": [
                    "सूर्य 6:54☀️, 17:19🌤"
               ],
               "12-30": [
                    "सूर्य 6:55☀️, 17:19🌤"
               ],
               "12-31": [
                    "सूर्य 6:55☀️, 17:20🌤"
               ]
          },
          "2025": {
               "mm-dd": [
                    "event_NP"
               ],
               "01-01": [
                    "सूर्य 6:55☀️, 17:21🌤"
               ],
               "01-02": [
                    "सूर्य 6:55☀️, 17:21🌤"
               ],
               "01-03": [
                    "सूर्य 6:56☀️, 17:22🌤"
               ],
               "01-04": [
                    "सूर्य 6:56☀️, 17:22🌤"
               ],
               "01-05": [
                    "सूर्य 6:56☀️, 17:23🌤"
               ],
               "01-06": [
                    "सूर्य 6:56☀️, 17:24🌤"
               ],
               "01-07": [
                    "सूर्य 6:56☀️, 17:24🌤"
               ],
               "01-08": [
                    "सूर्य 6:56☀️, 17:25🌤"
               ],
               "01-09": [
                    "सूर्य 6:57☀️, 17:26🌤"
               ],
               "01-10": [
                    "सूर्य 6:57☀️, 17:27🌤"
               ],
               "01-11": [
                    "सूर्य 6:57☀️, 17:27🌤"
               ],
               "01-12": [
                    "सूर्य 6:57☀️, 17:28🌤"
               ],
               "01-13": [
                    "सूर्य5 6:57☀️, 17:29🌤"
               ],
               "01-14": [
                    "सूर्य 6:57☀️, 17:30🌤"
               ],
               "01-15": [
                    "सूर्य 6:57☀️, 17:31🌤"
               ],
               "01-16": [
                    "सूर्य 6:57☀️, 17:31🌤"
               ],
               "01-17": [
                    "सूर्य 6:57☀️, 17:32🌤"
               ],
               "01-18": [
                    "सूर्य 6:56☀️, 17:33🌤"
               ],
               "01-19": [
                    "सूर्य 6:56☀️, 17:34🌤"
               ],
               "01-20": [
                    "सूर्य 6:56☀️, 17:35🌤"
               ],
               "01-21": [
                    "सूर्य 6:56☀️, 17:35🌤"
               ],
               "01-22": [
                    "सूर्य 6:56☀️, 17:36🌤"
               ],
               "01-23": [
                    "सूर्य 6:55☀️, 17:37🌤"
               ],
               "01-24": [
                    "सूर्य 6:55☀️, 17:38🌤"
               ],
               "01-25": [
                    "सूर्य 6:55☀️, 17:39🌤"
               ],
               "01-26": [
                    "सूर्य 6:54☀️, 17:39🌤"
               ],
               "01-27": [
                    "सूर्य 6:54☀️, 17:40🌤"
               ],
               "01-28": [
                    "सूर्य 6:54☀️, 17:41🌤"
               ],
               "01-29": [
                    "सूर्य 6:53☀️, 17:42🌤"
               ],
               "01-30": [
                    "सूर्य 6:53☀️, 17:43🌤"
               ],
               "01-31": [
                    "सूर्य 6:52☀️, 17:43🌤"
               ],
               "02-01": [
                    "सूर्य 6:52☀️, 17:44🌤"
               ],
               "02-02": [
                    "सूर्य 6:51☀️, 17:45🌤"
               ],
               "02-03": [
                    "सूर्य 6:51☀️, 17:46🌤"
               ],
               "02-04": [
                    "सूर्य 6:50☀️, 17:47🌤"
               ],
               "02-05": [
                    "सूर्य 6:50☀️, 17:47🌤"
               ],
               "02-06": [
                    "सूर्य 6:49☀️, 17:48🌤"
               ],
               "02-07": [
                    "सूर्य 6:49☀️, 17:49🌤"
               ],
               "02-08": [
                    "सूर्य 6:48☀️, 17:50🌤"
               ],
               "02-09": [
                    "सूर्य 6:47☀️, 17:50🌤"
               ],
               "02-10": [
                    "सूर्य 6:47☀️, 17:51🌤"
               ],
               "02-11": [
                    "सूर्य 6:46☀️, 17:52🌤"
               ],
               "02-12": [
                    "सूर्य 6:45☀️, 17:53🌤"
               ],
               "02-13": [
                    "सूर्य5 6:44☀️, 17:53🌤"
               ],
               "02-14": [
                    "सूर्य 6:44☀️, 17:54🌤"
               ],
               "02-15": [
                    "सूर्य 6:43☀️, 17:55🌤"
               ],
               "02-16": [
                    "सूर्य 6:42☀️, 17:56🌤"
               ],
               "02-17": [
                    "सूर्य 6:41☀️, 17:56🌤"
               ],
               "02-18": [
                    "सूर्य 6:40☀️, 17:57🌤"
               ],
               "02-19": [
                    "सूर्य 6:40☀️, 17:58🌤"
               ],
               "02-20": [
                    "सूर्य 6:39☀️, 17:58🌤"
               ],
               "02-21": [
                    "सूर्य 6:38☀️, 17:59🌤"
               ],
               "02-22": [
                    "सूर्य 6:37☀️, 18:00🌤"
               ],
               "02-23": [
                    "सूर्य 6:36☀️, 18:00🌤"
               ],
               "02-24": [
                    "सूर्य 6:35☀️, 18:01🌤"
               ],
               "02-25": [
                    "सूर्य 6:34☀️, 18:02🌤"
               ],
               "02-26": [
                    "सूर्य 6:33☀️, 18:02🌤"
               ],
               "02-27": [
                    "सूर्य 6:32☀️, 18:03🌤"
               ],
               "02-28": [
                    "सूर्य 6:31☀️, 18:04🌤"
               ],
               "03-01": [
                    "सूर्य 6:30☀️, 18:04🌤"
               ],
               "03-02": [
                    "सूर्य 6:29☀️, 18:05🌤"
               ],
               "03-03": [
                    "सूर्य 6:28☀️, 18:05🌤"
               ],
               "03-04": [
                    "सूर्य 6:27☀️, 18:06🌤"
               ],
               "03-05": [
                    "सूर्य 6:26☀️, 18:07🌤"
               ],
               "03-06": [
                    "सूर्य 6:25☀️, 18:07🌤"
               ],
               "03-07": [
                    "सूर्य 6:24☀️, 18:08🌤"
               ],
               "03-08": [
                    "सूर्य 6:23☀️, 18:08🌤"
               ],
               "03-09": [
                    "सूर्य 6:22☀️, 18:09🌤"
               ],
               "03-10": [
                    "सूर्य 6:21☀️, 18:10🌤"
               ],
               "03-11": [
                    "सूर्य 6:20☀️, 18:10🌤"
               ],
               "03-12": [
                    "सूर्य 6:19☀️, 18:11🌤"
               ],
               "03-13": [
                    "सूर्य 6:18☀️, 18:11🌤"
               ],
               "03-14": [
                    "सूर्य 6:17☀️, 18:12🌤"
               ],
               "03-15": [
                    "सूर्य 6:16☀️, 18:12🌤"
               ],
               "03-16": [
                    "सूर्य 6:14☀️, 18:13🌤"
               ],
               "03-17": [
                    "सूर्य 6:13☀️, 18:13🌤"
               ],
               "03-18": [
                    "सूर्य 6:12☀️, 18:14🌤"
               ],
               "03-19": [
                    "सूर्य 6:11☀️, 18:15🌤"
               ],
               "03-20": [
                    "सूर्य 6:10☀️, 18:15🌤"
               ],
               "03-21": [
                    "सूर्य 6:09☀️, 18:16🌤"
               ],
               "03-22": [
                    "सूर्य 6:08☀️, 18:16🌤"
               ],
               "03-23": [
                    "सूर्य 6:07☀️, 18:17🌤"
               ],
               "03-24": [
                    "सूर्य 6:06☀️, 18:17🌤"
               ],
               "03-25": [
                    "सूर्य 6:04☀️, 18:18🌤"
               ],
               "03-26": [
                    "सूर्य 6:03☀️, 18:18🌤"
               ],
               "03-27": [
                    "सूर्य 6:02☀️, 18:19🌤"
               ],
               "03-28": [
                    "सूर्य 6:01☀️, 18:19🌤"
               ],
               "03-29": [
                    "सूर्य 6:00☀️, 18:20🌤"
               ],
               "03-30": [
                    "सूर्य 5:59☀️, 18:20🌤"
               ],
               "03-31": [
                    "सूर्य 5:58☀️, 18:21🌤"
               ],
               "04-01": [
                    "सूर्य 5:57☀️, 18:21🌤"
               ],
               "04-02": [
                    "सूर्य 5:55☀️, 18:22🌤"
               ],
               "04-03": [
                    "सूर्य 5:54☀️, 18:22🌤"
               ],
               "04-04": [
                    "सूर्य 5:53☀️, 18:23🌤"
               ],
               "04-05": [
                    "सूर्य 5:52☀️, 18:24🌤"
               ],
               "04-06": [
                    "सूर्य 5:51☀️, 18:24🌤"
               ],
               "04-07": [
                    "सूर्य 5:50☀️, 18:25🌤"
               ],
               "04-08": [
                    "सूर्य 5:49☀️, 18:25🌤"
               ],
               "04-09": [
                    "सूर्य 5:48☀️, 18:26🌤"
               ],
               "04-10": [
                    "सूर्य 5:47☀️, 18:26🌤"
               ],
               "04-11": [
                    "सूर्य 5:46☀️, 18:27🌤"
               ],
               "04-12": [
                    "सूर्य 5:44☀️, 18:27🌤"
               ],
               "04-13": [
                    "सूर्य 5:43☀️, 18:28🌤"
               ]
          }
     },
     "other_start": 2023,
     "other_end": 2025,
     "note": "Maintained in AD for easy reference"
}